Job_Name,Company_Name,Location,Salary,Description,Skills
Backend Java Developer,RepTime Sales Software,NA,25000 - 35000,"Looking for Java Developer with Springboot hands-on.Hands-on individual responsible for producing excellent quality of code, adhering to expected coding…","PostgreSQL,MySQL,GraphQL,Node.js,MongoDB,Server Handling,web-frameworks,optimize queries"
Backend Developer - E- Learning,EduBridge Learning Pvt.Ltd,"Mumbai, Maharashtra",NA,"We are looking for an experienced and accomplished DevOps and Back-end Developer (Golang, Clojure, Ruby on Rails) to build the LMS.Temporarily due to COVID-19.","PostgreSQL,MySQL,GraphQL,Node.js,MongoDB,Server Handling,web-frameworks,optimize queries"
Hiring for Backend Developer Nodejs / AWS/SQL,Tiara Consulting Services,"Andheri, Mumbai, Maharashtra",30000 - 60000,We are looking for 3 candidates with Relative Experience of (1-4 years) in Backend Engineering on a high priority.*.It is the most important.,"PostgreSQL,MySQL,GraphQL,Node.js,MongoDB,Server Handling,web-frameworks,optimize queries"
Backend Developer,SoftTech Services,"Bengaluru, Karnataka",NA,Should be able to Integrate user-facing elements developed by front-end developers with server side logic.We are a fast growing Managed Service Provider with…,"PostgreSQL,MySQL,GraphQL,Node.js,MongoDB,Server Handling,web-frameworks,optimize queries"
Backend Developer,Schbang Digital Solutions Pvt Ltd,"Mumbai, Maharashtra",NA,Ability to work closely with front end developers.Taking ready HTML/CSS files from front end developers and executing the project based on the logic and…,"PostgreSQL,MySQL,GraphQL,Node.js,MongoDB,Server Handling,web-frameworks,optimize queries"
Freshers - iOS Developer,Tech Exactly,India,NA,Collaborate with backend team for API planning and execution.Design and Develop native iOS applications using Swift.Publish apps on App Store.,"PostgreSQL,MySQL,GraphQL,Node.js,MongoDB,Server Handling,web-frameworks,optimize queries"
Backend Developer,Tripoto,"New Delhi, Delhi",NA,1-5 years of experience in designing and developing complex backend systems.A strong presence on developer websites like GitHub and StackOverflow is a plus.,"PostgreSQL,MySQL,GraphQL,Node.js,MongoDB,Server Handling,web-frameworks,optimize queries"
Android Developer,Edzeal Technologies,"Pune, Maharashtra",NA,"8)Git ,as well as backend skills.We are looking for an Android developer responsible for the development and maintenance of applications aimed at a vast number…","PostgreSQL,MySQL,GraphQL,Node.js,MongoDB,Server Handling,web-frameworks,optimize queries"
MEAN Stack Developer,ARL IT Services,"Mumbai, Maharashtra",600000 - 750000,Hands on work experience on MEAN Stack i.e.Angular 2+ experience min 1 year.Backend Technologies - Node js min 1 year.Job Type : Full-time Permanent job.,"PostgreSQL,MySQL,GraphQL,Node.js,MongoDB,Server Handling,web-frameworks,optimize queries"
Web Developer,Wise,India,NA,Demonstrated accomplishments as a web developer.Here's what you'll do at Wise.You’ll be the Web Developer at Wise.Who does this role report to?,"PostgreSQL,MySQL,GraphQL,Node.js,MongoDB,Server Handling,web-frameworks,optimize queries"
Cosmos DB Back end Developer,Larsen & Toubro Infotech Limited,India,NA,Backend developer with non-SQL data modelling experience specifically in Cosmos DB.Hands on/skilled in data retrival techniques and design data model to suite…,"PostgreSQL,MySQL,GraphQL,Node.js,MongoDB,Server Handling,web-frameworks,optimize queries"
Android Backend Developer,Unique IT Tech,"Haridwar, Uttarakhand",12000 - 16000,"Candidate should have knowledge of frontend and backend both.Salary: ₹12,000.00 - ₹16,000.00 per month.Android development: 1 year (Required).","PostgreSQL,MySQL,GraphQL,Node.js,MongoDB,Server Handling,web-frameworks,optimize queries"
Backend Developer,Blue Tokai Coffee Roasters,"Delhi, Delhi",NA,We are looking for incredible people that are also very passionate and experienced developers to join our office in Delhi.The role is yours to make.,"PostgreSQL,MySQL,GraphQL,Node.js,MongoDB,Server Handling,web-frameworks,optimize queries"
Software Developer Backend,HIRING STREET,"Chennai, Tamil Nadu",NA,Salary: Not Disclosed by Recruiter.Industry:IT-Software / Software Services.Functional Area:IT Software - System Programming.,"PostgreSQL,MySQL,GraphQL,Node.js,MongoDB,Server Handling,web-frameworks,optimize queries"
Backend Developer_Node js developer,Basidia Learning Pvt Ltd,"Bengaluru, Karnataka",300000 - 500000,Node.JS developer: 2 years (Preferred).We are looking for NodeJS Developers who can design and develop backend applications that are highly robust and scalable…,"PostgreSQL,MySQL,GraphQL,Node.js,MongoDB,Server Handling,web-frameworks,optimize queries"
PYTHON Developer Role,HighIQ Robotics,"Hyderabad, Telangana",NA,Writing scalable backend applications in Python.We are looking for an experienced and passionate Python Developer with 1-3 years’ experience is Preferable.,"PostgreSQL,MySQL,GraphQL,Node.js,MongoDB,Server Handling,web-frameworks,optimize queries"
Android Developer,Kuwy Technology,"Chennai, Tamil Nadu",300000 - 600000,Job Summary* – To take up the challenges and build the applications by integrating the backend services.Should be able to think and design the wireframes based…,"PostgreSQL,MySQL,GraphQL,Node.js,MongoDB,Server Handling,web-frameworks,optimize queries"
Full Stack Javascript Developer,Paper Plane Solutions.,"Mumbai, Maharashtra",NA,"PaperPlane is looking for a Full Stack Javascript Developer who will use a combination of HTML, CSS, and JavaScript to build everything a user sees and…","PostgreSQL,MySQL,GraphQL,Node.js,MongoDB,Server Handling,web-frameworks,optimize queries"
 JavaScript / React Native / Redux Developer,classpro,"Mumbai, Maharashtra",NA,We are looking for talented Javascript developer who want to join our engineering team to build great application for Education domain.,"PostgreSQL,MySQL,GraphQL,Node.js,MongoDB,Server Handling,web-frameworks,optimize queries"
Backend developer (LE) - .Net,QuEST Global Engineering,"Thiruvananthapuram, Kerala",NA,"Backend developer with Cloud Technologies - .Net.6 to 8 years Good in C#.net, Rest API, .net core.Conversant with Design patterns, Data structures, Databases,…","PostgreSQL,MySQL,GraphQL,Node.js,MongoDB,Server Handling,web-frameworks,optimize queries"
Software Engineer,EveryCrave Webteck Pvt Ltd,"Bengaluru, Karnataka",10000 - 40000,We are looking for developers with Python/Javascript experience and definitely apply if you have any WebRTC experience.Temporarily due to COVID-19.,"PostgreSQL,MySQL,GraphQL,Node.js,MongoDB,Server Handling,web-frameworks,optimize queries"
Backend/Node js Developer (2+ yrs exp),NPAV,"Pune, Maharashtra",NA,"At least 2 years of experience as a Node JS developer is required.Design, build and maintain high performance, reusable, and reliable code.","PostgreSQL,MySQL,GraphQL,Node.js,MongoDB,Server Handling,web-frameworks,optimize queries"
Frontend / Backend Developer,DAXTA TECH,NA,30000 - 45000,The employee would get an opportunity to work on core frontend/backend development.Required urgent Frontend/Backend Developer for an edtech startup.,"PostgreSQL,MySQL,GraphQL,Node.js,MongoDB,Server Handling,web-frameworks,optimize queries"
Frontend / Backend Developer,DAXTA TECH,NA,30000 - 45000,The employee would get an opportunity to work on core frontend/backend development.Required urgent Frontend/Backend Developer for an edtech startup.,"PostgreSQL,MySQL,GraphQL,Node.js,MongoDB,Server Handling,web-frameworks,optimize queries"
Android Developer,AMCI,India,NA,Familiarity with RESTful APIs to connect Android applications to backend services.Java. The most basic building block of Android development is the programming…,"PostgreSQL,MySQL,GraphQL,Node.js,MongoDB,Server Handling,web-frameworks,optimize queries"
Full Stack Developer,AV Zero Touch Pvt. Ltd,"Hyderabad, Telangana",NA,"We are a startup in search of a Full Stack Developer who’s a jack of all trades, transitioning seamlessly between front and backend coding.","PostgreSQL,MySQL,GraphQL,Node.js,MongoDB,Server Handling,web-frameworks,optimize queries"
HTML Developer,Infoky,"Noida, Uttar Pradesh",NA,"Create high performance, secure, responsive, clean and simple front-end builts in collaboration and discussion with backend developers, designers and product…","PostgreSQL,MySQL,GraphQL,Node.js,MongoDB,Server Handling,web-frameworks,optimize queries"
Web / API Developer - LAMP Stack (Remote),Wing Operations & Technologies India,"Bengaluru, Karnataka",40000 - 50000,"Experience building frontend and backend for dynamic web applications for internal and external use.Hires in this role will work on backend systems, internal…","PostgreSQL,MySQL,GraphQL,Node.js,MongoDB,Server Handling,web-frameworks,optimize queries"
Backend Developer (API Lead),Hitachi Vantara,"Hyderabad, Telangana",NA,"Hitachi Vantara, a wholly-owned subsidiary of Hitachi, Ltd., guides our customers from what’s now to what’s next by solving their digital challenges.","PostgreSQL,MySQL,GraphQL,Node.js,MongoDB,Server Handling,web-frameworks,optimize queries"
Frontend / Backend Developer,DAXTA TECH,NA,30000 - 45000,The employee would get an opportunity to work on core frontend/backend development.Required urgent Frontend/Backend Developer for an edtech startup.,"PostgreSQL,MySQL,GraphQL,Node.js,MongoDB,Server Handling,web-frameworks,optimize queries"
Flutter Developer,Noviindus Technologies,"Calicut, Kerala",NA,Your primary focus will be the development of Android applications and their backend integration.You will need to work along-side other developers and…,"PostgreSQL,MySQL,GraphQL,Node.js,MongoDB,Server Handling,web-frameworks,optimize queries"
Java - Backend Developer,Auxo Technology Labs,"Chennai, Tamil Nadu",NA,We are looking for an experienced Back-end developer to join our team!Auxo Labs is a venture capital-funded company founded in 2014 with innovation and a keen…,"PostgreSQL,MySQL,GraphQL,Node.js,MongoDB,Server Handling,web-frameworks,optimize queries"
Backend Developer,Ushva,"Vikhroli, Mumbai, Maharashtra",NA,"In Lead Backend Developer role, you will -.Develop high quality, highly available systems within Ushva service oriented architecture.Bonus points if you have:","PostgreSQL,MySQL,GraphQL,Node.js,MongoDB,Server Handling,web-frameworks,optimize queries"
C++ Developer - Media Applications,PerfectVIPs,"Bengaluru, Karnataka",NA,"Experienced C++ developer for a team that develops application software (UI and backend) at Sony India Software Center, Bangalore.4-6 years of work experience.","PostgreSQL,MySQL,GraphQL,Node.js,MongoDB,Server Handling,web-frameworks,optimize queries"
PHP – Laravel Developer – Backend,CareerXperts,"Bengaluru, Karnataka",NA,"Work on backend development activities, solutions, methods, and practices.We are seeking an innovative and engaged PHP developer who is motivated, creative,…","PostgreSQL,MySQL,GraphQL,Node.js,MongoDB,Server Handling,web-frameworks,optimize queries"
Backend Engineer,Vtiger,"Bengaluru, Karnataka",NA,"You should be a self managed developer and be able to handle tasks independently.As a Backend Engineer, you will be responsible for implementing new features,…","PostgreSQL,MySQL,GraphQL,Node.js,MongoDB,Server Handling,web-frameworks,optimize queries"
Urgent Requirement for Sr. Python Developer,Digi Interface,"Mumbai, Maharashtra",NA,Create products and backend api's as described by the business team.Code the backend of logics for consumption by the UI team.IIT graduation is a plus.,"PostgreSQL,MySQL,GraphQL,Node.js,MongoDB,Server Handling,web-frameworks,optimize queries"
Senior Backend Engineer,TRANSERVE,"Panaji, Goa",800000 - 1200000,5+ years experience as Node.js developer.Transerve is looking for smart backend developers to work with our product development team to develop solutions for…,"PostgreSQL,MySQL,GraphQL,Node.js,MongoDB,Server Handling,web-frameworks,optimize queries"
Full Stack Developer,Xoxoday,"Bengaluru, Karnataka",436292 - 1365167,"You will be responsible for developing and designing front end web architecture, ensuring the responsiveness of applications and working alongside graphic…","PostgreSQL,MySQL,GraphQL,Node.js,MongoDB,Server Handling,web-frameworks,optimize queries"
PHP Developer,EngineerBabu,"Indore, Madhya Pradesh",NA,Utilize backend data services and contribute to increase existing data services API.We are looking for a motivated PHP / Laravel developer to come join our…,"PostgreSQL,MySQL,GraphQL,Node.js,MongoDB,Server Handling,web-frameworks,optimize queries"
Python/Django Developer,Vikn Codes,"Unnikulam, Kerala",10000 - 30000,"We are looking for a Python/Django Developer, who is motivated to utilize skills in developing a long-lasting product with value addition to the current…","PostgreSQL,MySQL,GraphQL,Node.js,MongoDB,Server Handling,web-frameworks,optimize queries"
Android Developer,Quick Infotech,"Lucknow, Uttar Pradesh",20000,We are looking for technically savvy and passionate Android developer to cater to the development and testing efforts in frontend and backend area.,"PostgreSQL,MySQL,GraphQL,Node.js,MongoDB,Server Handling,web-frameworks,optimize queries"
Android Developer,Qualtech Telesys Private Limited,"Bengaluru, Karnataka",25000,"Location: ITI-KR PURAM-BANGALORE.Languages known: Kannada, Telugu, Hindi and English.*.Strong/Good knowledge in UI/UX Design and development.","PostgreSQL,MySQL,GraphQL,Node.js,MongoDB,Server Handling,web-frameworks,optimize queries"
"Net Developer,",Grow4sure,"Delhi, Delhi",65000,"Programming Languages: DOT NET (C#, ASP.2)Web Technologies: Angular, JavaScript, J-query, JSON, Web API, Web Services.Net Zero (Asp.Net Core).","PostgreSQL,MySQL,GraphQL,Node.js,MongoDB,Server Handling,web-frameworks,optimize queries"
EDI Massaging with JAVA Backend Developer 5+ exp,"CGI Group, Inc.","Chennai, Tamil Nadu",NA,"General EDI knowledge such as EDIFACT and XML formats such as UBL.Basic understanding of Java, ability to make small changes to TE2 code which reminds Java.","PostgreSQL,MySQL,GraphQL,Node.js,MongoDB,Server Handling,web-frameworks,optimize queries"
PHP Developer,Nirals,"Madurai, Tamil Nadu",10000,"BE/BTech in CSE/ECE/IT/.Salary: ₹10,000.00 per month.Total work: 1 year (Preferred).Temporarily due to COVID-19.","PostgreSQL,MySQL,GraphQL,Node.js,MongoDB,Server Handling,web-frameworks,optimize queries"
NodeJS Backend Developer,Green Apple Solutions,"New Delhi, Delhi",NA,JS developer to drive our backend operations for our products Sparq/SearchTap.Integration of user-facing elements developed by front-end developers with server…,"PostgreSQL,MySQL,GraphQL,Node.js,MongoDB,Server Handling,web-frameworks,optimize queries"
Frontend Developer,Ephicacy,India,NA,Work with the backend development team to integrate front-end code.Experience: 4 to 9 years.Qualification: Bachelor/Master’s degree in Engineering.,"PostgreSQL,MySQL,GraphQL,Node.js,MongoDB,Server Handling,web-frameworks,optimize queries"
Wordpress Developer,A Reknown Organization,"Jaipur, Rajasthan",25000 - 30000,"Should have experience in backend and frontend development.Should have good experience in Wordpress development.Write clean, well designed code .","PostgreSQL,MySQL,GraphQL,Node.js,MongoDB,Server Handling,web-frameworks,optimize queries"
Mobile Application Developer – iOS + Android Developer,TeamPlus Staffing Solution Pvt Ltd,"Kothrud, Pune, Maharashtra",NA,Note : Its a Contract Job for 6 Months + Extendable.Design and build advanced native applications for the iOS and Android platforms.Knowledge of UX and UI.,"PostgreSQL,MySQL,GraphQL,Node.js,MongoDB,Server Handling,web-frameworks,optimize queries"
MEAN Stack Developer,CyBuzzSC Infotech Pvt. Ltd.,"Gurgaon, Haryana",26000 - 45000,Working and managing a team of developers.Location: * Currently WFH and eventually Gurgaon NCR.The primary focus will be the development of all server-side…,"PostgreSQL,MySQL,GraphQL,Node.js,MongoDB,Server Handling,web-frameworks,optimize queries"
Senior Python Developer,Quantsapp Private Limited,NA,500000 - 700000,Create products and backend API's as described by the business team.Code the backend of logic for consumption by the UI team.IIT graduation is a plus.,"PostgreSQL,MySQL,GraphQL,Node.js,MongoDB,Server Handling,web-frameworks,optimize queries"
SE ‐ Java Developer,Pace Wisdom Solutions,"Bengaluru, Karnataka",NA,"Write quality backend code primarily in Java REST API(JAX RS), Spring.2+ years’ experience as a Java Developer.Strong proficiency with API (REST) integration.","PostgreSQL,MySQL,GraphQL,Node.js,MongoDB,Server Handling,web-frameworks,optimize queries"
Android App Developer,ThinkStart,"Jaipur, Rajasthan",NA,Looking for android developer who can work collaboratively with backend engineers to create an amazing product that our community will love to use.,"PostgreSQL,MySQL,GraphQL,Node.js,MongoDB,Server Handling,web-frameworks,optimize queries"
Backend Engineer (Python),Positivenaick,"Chennai, Tamil Nadu",NA,"As a backend developer, you’ll be expected to handle the following tasks on a day-to-day basis,.You love solving insane problems intelligently with AI, and…","PostgreSQL,MySQL,GraphQL,Node.js,MongoDB,Server Handling,web-frameworks,optimize queries"
Android 2-3 Yrs. Experienced Developer,Prosols Technology,"Pune, Maharashtra",NA,Added Advantage: Web Services Implementation knowledge in PHP and backend development.Should have strong fundamental knowledge of Android development.,"PostgreSQL,MySQL,GraphQL,Node.js,MongoDB,Server Handling,web-frameworks,optimize queries"
JavaScript Developer,Adrobit Technologies,"Kolkata, West Bengal",NA,Willingness to learn the entire stack of frontend and backend technologies.We have a new open position for Web/JavaScript developer.,"PostgreSQL,MySQL,GraphQL,Node.js,MongoDB,Server Handling,web-frameworks,optimize queries"
Android Developer,The One Technologies,"Ahmedabad, Gujarat",NA,Must have knowledge about various kind of backend services like XML/JSON / SOAP Web services.Sound development knowledge of Android applications and different…,"PostgreSQL,MySQL,GraphQL,Node.js,MongoDB,Server Handling,web-frameworks,optimize queries"
PHP Web Developer,Startiyo Business Solutions,"Calicut, Kerala",NA,"We are looking for a passionate Software engineer to design, develop and support our front end and backend systems.Expected Start Date: 15/8/2020.","PostgreSQL,MySQL,GraphQL,Node.js,MongoDB,Server Handling,web-frameworks,optimize queries"
Backend Engineer,BharatPe,"New Delhi, Delhi",NA,We’re looking for a solid backend engineer who has super powers in designing and building great backend architecture and data delivering tools.,"PostgreSQL,MySQL,GraphQL,Node.js,MongoDB,Server Handling,web-frameworks,optimize queries"
Senior Backend Engineer,Antal International,"Mumbai, Maharashtra",NA,"The backend development team , you will be responsible.Enhance Analytics and overall backend architecture for better performance.Experience in PHP is a plus.","PostgreSQL,MySQL,GraphQL,Node.js,MongoDB,Server Handling,web-frameworks,optimize queries"
Laravel Developer,Hipster,"Lucknow, Uttar Pradesh",NA,Collaborate and work with frontend and mobile app developers on the backend needs of projects.Perform UI/backend tests to optimize performance.,"PostgreSQL,MySQL,GraphQL,Node.js,MongoDB,Server Handling,web-frameworks,optimize queries"
Web Designer,volio technologies ltd,"HITEC City, Hyderabad, Telangana",NA,Coordinating with backend programmers/software developers for specialized scripts.Looking for an enthusiastic person for the role of web designers having…,"PostgreSQL,MySQL,GraphQL,Node.js,MongoDB,Server Handling,web-frameworks,optimize queries"
Android Developer,Orfosis Infotech pvt ltd,"Surat, Gujarat",15000 - 30000,Excellent opportunity to build devices and tablets from scratch.and also find back-end developer.We are looking for a passionate and enthusiastic Android…,"PostgreSQL,MySQL,GraphQL,Node.js,MongoDB,Server Handling,web-frameworks,optimize queries"
Java backend and Database developer,State Street,NA,NA,"Qualified developers should have solid working knowledge of.Global link, a division of State Street Global Markets, is a leader in providing electronic trading…","PostgreSQL,MySQL,GraphQL,Node.js,MongoDB,Server Handling,web-frameworks,optimize queries"
Laravel Developer,HackerKernel,"Bhopal, Madhya Pradesh",10000 - 21000,Work on Laravel PHP as lead developer.Good understanding of backend laravel API development.Require candidates to have atleast 1 year of work experience on…,"PostgreSQL,MySQL,GraphQL,Node.js,MongoDB,Server Handling,web-frameworks,optimize queries"
Node js developer,RadicalStart Infolab (P) Limited,NA,15000 - 50000,Minimum of 1+ Year Real-time Experience in ReactJS/NodeJS/AngularJS.Good Understanding of Structured and Unstructured Databases (MySQL and Mongo Db).,"PostgreSQL,MySQL,GraphQL,Node.js,MongoDB,Server Handling,web-frameworks,optimize queries"
Wordpress Developer,JD Softtech,NA,30000 - 50000,We are looking for a WordPress PHP developer to work on our plugin and building addon modules along with supporting customization requests.,"PostgreSQL,MySQL,GraphQL,Node.js,MongoDB,Server Handling,web-frameworks,optimize queries"
Jr.SAP FIORI &oDATA Consultant on Abap,Prime Plus Consultancy&solution,NA,25000 - 28000,Good understanding and experience in FIORI Development using WEB IDE and Eclipse tools along with backend integration.Wanted SAP Aabp Odata & fiori Developer.,"PostgreSQL,MySQL,GraphQL,Node.js,MongoDB,Server Handling,web-frameworks,optimize queries"
Jr.SAP FIORI &oDATA Consultant on Abap,Prime Plus Consultancy&solution,NA,25000 - 28000,Good understanding and experience in FIORI Development using WEB IDE and Eclipse tools along with backend integration.Wanted SAP Aabp Odata & fiori Developer.,"PostgreSQL,MySQL,GraphQL,Node.js,MongoDB,Server Handling,web-frameworks,optimize queries"
Jr.SAP FIORI &oDATA Consultant on Abap,Prime Plus Consultancy&solution,NA,25000 - 28000,Good understanding and experience in FIORI Development using WEB IDE and Eclipse tools along with backend integration.Wanted SAP Aabp Odata & fiori Developer.,"PostgreSQL,MySQL,GraphQL,Node.js,MongoDB,Server Handling,web-frameworks,optimize queries"
Jr.SAP FIORI &oDATA Consultant on Abap,Prime Plus Consultancy&solution,NA,25000 - 28000,Good understanding and experience in FIORI Development using WEB IDE and Eclipse tools along with backend integration.Wanted SAP Aabp Odata & fiori Developer.,"PostgreSQL,MySQL,GraphQL,Node.js,MongoDB,Server Handling,web-frameworks,optimize queries"
Jr.SAP FIORI &oDATA Consultant on Abap,Prime Plus Consultancy&solution,NA,25000 - 28000,Good understanding and experience in FIORI Development using WEB IDE and Eclipse tools along with backend integration.Wanted SAP Aabp Odata & fiori Developer.,"PostgreSQL,MySQL,GraphQL,Node.js,MongoDB,Server Handling,web-frameworks,optimize queries"
Jr.SAP FIORI &oDATA Consultant on Abap,Prime Plus Consultancy&solution,NA,25000 - 28000,Good understanding and experience in FIORI Development using WEB IDE and Eclipse tools along with backend integration.Wanted SAP Aabp Odata & fiori Developer.,"PostgreSQL,MySQL,GraphQL,Node.js,MongoDB,Server Handling,web-frameworks,optimize queries"
Testing Developer,ITC Infotech,"Bengaluru, Karnataka",NA,"Experience working in a development team in the role as quality engineer - Experience in QA processes and tools, test management systems, designing and running…","PostgreSQL,MySQL,GraphQL,Node.js,MongoDB,Server Handling,web-frameworks,optimize queries"
Jr.SAP FIORI &oDATA Consultant on Abap,Prime Plus Consultancy&solution,NA,25000 - 28000,Good understanding and experience in FIORI Development using WEB IDE and Eclipse tools along with backend integration.Wanted SAP Aabp Odata & fiori Developer.,"PostgreSQL,MySQL,GraphQL,Node.js,MongoDB,Server Handling,web-frameworks,optimize queries"
Jr.SAP FIORI &oDATA Consultant on Abap,Prime Plus Consultancy&solution,NA,25000 - 28000,Good understanding and experience in FIORI Development using WEB IDE and Eclipse tools along with backend integration.Wanted SAP Aabp Odata & fiori Developer.,"PostgreSQL,MySQL,GraphQL,Node.js,MongoDB,Server Handling,web-frameworks,optimize queries"
Jr.SAP FIORI &oDATA Consultant on Abap,Prime Plus Consultancy&solution,NA,25000 - 28000,Good understanding and experience in FIORI Development using WEB IDE and Eclipse tools along with backend integration.Wanted SAP Aabp Odata & fiori Developer.,"PostgreSQL,MySQL,GraphQL,Node.js,MongoDB,Server Handling,web-frameworks,optimize queries"
Jr.SAP FIORI &oDATA Consultant on Abap,Prime Plus Consultancy&solution,NA,25000 - 28000,Good understanding and experience in FIORI Development using WEB IDE and Eclipse tools along with backend integration.Wanted SAP Aabp Odata & fiori Developer.,"PostgreSQL,MySQL,GraphQL,Node.js,MongoDB,Server Handling,web-frameworks,optimize queries"
Jr.SAP FIORI &oDATA Consultant on Abap,Prime Plus Consultancy&solution,NA,25000 - 28000,Good understanding and experience in FIORI Development using WEB IDE and Eclipse tools along with backend integration.Wanted SAP Aabp Odata & fiori Developer.,"PostgreSQL,MySQL,GraphQL,Node.js,MongoDB,Server Handling,web-frameworks,optimize queries"
Jr.SAP FIORI &oDATA Consultant on Abap,Hitachi Vantara,"Pune, Maharashtra",590000,Work on Laravel PHP as lead developer.Good understanding of backend laravel API development.Require candidates to have atleast 1 year of work experience on…,"PostgreSQL,MySQL,GraphQL,Node.js,MongoDB,Server Handling,web-frameworks,optimize queries"
Backend Engineer,SoftTech Services,India,490000,We are looking for incredible people that are also very passionate and experienced developers to join our office in Delhi.The role is yours to make.,"PostgreSQL,MySQL,GraphQL,Node.js,MongoDB,Server Handling,web-frameworks,optimize queries"
Web Developer,Prime Plus Consultancy&solution,nan,460000,Working and managing a team of developers.Location: * Currently WFH and eventually Gurgaon NCR.The primary focus will be the development of all server-side…,"PostgreSQL,MySQL,GraphQL,Node.js,MongoDB,Server Handling,web-frameworks,optimize queries"
PHP Web Developer,Edzeal Technologies,"Bengaluru, Karnataka",460000,Good understanding and experience in FIORI Development using WEB IDE and Eclipse tools along with backend integration.Wanted SAP Aabp Odata & fiori Developer.,"PostgreSQL,MySQL,GraphQL,Node.js,MongoDB,Server Handling,web-frameworks,optimize queries"
Backend Developer_Node js developer,Antal International,nan,450000,Hands on work experience on MEAN Stack i.e.Angular 2+ experience min 1 year.Backend Technologies - Node js min 1 year.Job Type : Full-time Permanent job.,"PostgreSQL,MySQL,GraphQL,Node.js,MongoDB,Server Handling,web-frameworks,optimize queries"
Jr.SAP FIORI &oDATA Consultant on Abap,Edzeal Technologies,"Indore, Madhya Pradesh",490000,Good understanding and experience in FIORI Development using WEB IDE and Eclipse tools along with backend integration.Wanted SAP Aabp Odata & fiori Developer.,"PostgreSQL,MySQL,GraphQL,Node.js,MongoDB,Server Handling,web-frameworks,optimize queries"
EDI Massaging with JAVA Backend Developer 5+ exp,Wing Operations & Technologies India,"Jaipur, Rajasthan",520000,"Experience building frontend and backend for dynamic web applications for internal and external use.Hires in this role will work on backend systems, internal…","PostgreSQL,MySQL,GraphQL,Node.js,MongoDB,Server Handling,web-frameworks,optimize queries"
Laravel Developer,TRANSERVE,"New Delhi, Delhi",480000,"Programming Languages: DOT NET (C#, ASP.2)Web Technologies: Angular, JavaScript, J-query, JSON, Web API, Web Services.Net Zero (Asp.Net Core).","PostgreSQL,MySQL,GraphQL,Node.js,MongoDB,Server Handling,web-frameworks,optimize queries"
Jr.SAP FIORI &oDATA Consultant on Abap,Tripoto,nan,510000,"Experience working in a development team in the role as quality engineer - Experience in QA processes and tools, test management systems, designing and running…","PostgreSQL,MySQL,GraphQL,Node.js,MongoDB,Server Handling,web-frameworks,optimize queries"
Jr.SAP FIORI &oDATA Consultant on Abap,Auxo Technology Labs,nan,560000,Your primary focus will be the development of Android applications and their backend integration.You will need to work along-side other developers and…,"PostgreSQL,MySQL,GraphQL,Node.js,MongoDB,Server Handling,web-frameworks,optimize queries"
Jr.SAP FIORI &oDATA Consultant on Abap,Adrobit Technologies,"Delhi, Delhi",540000,Salary: Not Disclosed by Recruiter.Industry:IT-Software / Software Services.Functional Area:IT Software - System Programming.,"PostgreSQL,MySQL,GraphQL,Node.js,MongoDB,Server Handling,web-frameworks,optimize queries"
Android 2-3 Yrs. Experienced Developer,Prime Plus Consultancy&solution,nan,450000,Work on Laravel PHP as lead developer.Good understanding of backend laravel API development.Require candidates to have atleast 1 year of work experience on…,"PostgreSQL,MySQL,GraphQL,Node.js,MongoDB,Server Handling,web-frameworks,optimize queries"
PHP Developer,Unique IT Tech,"Hyderabad, Telangana",440000,"We are looking for a Python/Django Developer, who is motivated to utilize skills in developing a long-lasting product with value addition to the current…","PostgreSQL,MySQL,GraphQL,Node.js,MongoDB,Server Handling,web-frameworks,optimize queries"
SE ‐ Java Developer,AV Zero Touch Pvt. Ltd,"Pune, Maharashtra",530000,"Looking for Java Developer with Springboot hands-on.Hands-on individual responsible for producing excellent quality of code, adhering to expected coding…","PostgreSQL,MySQL,GraphQL,Node.js,MongoDB,Server Handling,web-frameworks,optimize queries"
Backend Developer,HackerKernel,"Mumbai, Maharashtra",520000,Utilize backend data services and contribute to increase existing data services API.We are looking for a motivated PHP / Laravel developer to come join our…,"PostgreSQL,MySQL,GraphQL,Node.js,MongoDB,Server Handling,web-frameworks,optimize queries"
SE ‐ Java Developer,NPAV,"Chennai, Tamil Nadu",410000,"The backend development team , you will be responsible.Enhance Analytics and overall backend architecture for better performance.Experience in PHP is a plus.","PostgreSQL,MySQL,GraphQL,Node.js,MongoDB,Server Handling,web-frameworks,optimize queries"
Jr.SAP FIORI &oDATA Consultant on Abap,DAXTA TECH,"New Delhi, Delhi",460000,Good understanding and experience in FIORI Development using WEB IDE and Eclipse tools along with backend integration.Wanted SAP Aabp Odata & fiori Developer.,"PostgreSQL,MySQL,GraphQL,Node.js,MongoDB,Server Handling,web-frameworks,optimize queries"
C++ Developer - Media Applications,Prime Plus Consultancy&solution,nan,560000,Familiarity with RESTful APIs to connect Android applications to backend services.Java. The most basic building block of Android development is the programming…,"PostgreSQL,MySQL,GraphQL,Node.js,MongoDB,Server Handling,web-frameworks,optimize queries"
JavaScript Developer,Vikn Codes,nan,450000,Coordinating with backend programmers/software developers for specialized scripts.Looking for an enthusiastic person for the role of web designers having…,"PostgreSQL,MySQL,GraphQL,Node.js,MongoDB,Server Handling,web-frameworks,optimize queries"
Android Developer,SoftTech Services,nan,480000,We are looking for incredible people that are also very passionate and experienced developers to join our office in Delhi.The role is yours to make.,"PostgreSQL,MySQL,GraphQL,Node.js,MongoDB,Server Handling,web-frameworks,optimize queries"
Web Developer,Hitachi Vantara,"Lucknow, Uttar Pradesh",470000,Writing scalable backend applications in Python.We are looking for an experienced and passionate Python Developer with 1-3 years’ experience is Preferable.,"PostgreSQL,MySQL,GraphQL,Node.js,MongoDB,Server Handling,web-frameworks,optimize queries"
Full Stack Developer,Xoxoday,nan,510000,"We are a startup in search of a Full Stack Developer who’s a jack of all trades, transitioning seamlessly between front and backend coding.","PostgreSQL,MySQL,GraphQL,Node.js,MongoDB,Server Handling,web-frameworks,optimize queries"
Backend Developer - E- Learning,EduBridge Learning Pvt.Ltd,nan,430000,"We are a startup in search of a Full Stack Developer who’s a jack of all trades, transitioning seamlessly between front and backend coding.","PostgreSQL,MySQL,GraphQL,Node.js,MongoDB,Server Handling,web-frameworks,optimize queries"
Jr.SAP FIORI &oDATA Consultant on Abap,Schbang Digital Solutions Pvt Ltd,"Vikhroli, Mumbai, Maharashtra",550000,"Experience building frontend and backend for dynamic web applications for internal and external use.Hires in this role will work on backend systems, internal…","PostgreSQL,MySQL,GraphQL,Node.js,MongoDB,Server Handling,web-frameworks,optimize queries"
Full Stack Developer,CyBuzzSC Infotech Pvt. Ltd.,"Calicut, Kerala",580000,Excellent opportunity to build devices and tablets from scratch.and also find back-end developer.We are looking for a passionate and enthusiastic Android…,"PostgreSQL,MySQL,GraphQL,Node.js,MongoDB,Server Handling,web-frameworks,optimize queries"
Wordpress Developer,Nirals,"Indore, Madhya Pradesh",570000,"We are looking for an experienced and accomplished DevOps and Back-end Developer (Golang, Clojure, Ruby on Rails) to build the LMS.Temporarily due to COVID-19.","PostgreSQL,MySQL,GraphQL,Node.js,MongoDB,Server Handling,web-frameworks,optimize queries"
PHP Developer,Prime Plus Consultancy&solution,"HITEC City, Hyderabad, Telangana",540000,"8)Git ,as well as backend skills.We are looking for an Android developer responsible for the development and maintenance of applications aimed at a vast number…","PostgreSQL,MySQL,GraphQL,Node.js,MongoDB,Server Handling,web-frameworks,optimize queries"
JavaScript Developer,EveryCrave Webteck Pvt Ltd,"Pune, Maharashtra",530000,Salary: Not Disclosed by Recruiter.Industry:IT-Software / Software Services.Functional Area:IT Software - System Programming.,"PostgreSQL,MySQL,GraphQL,Node.js,MongoDB,Server Handling,web-frameworks,optimize queries"
PHP Developer,Prime Plus Consultancy&solution,"New Delhi, Delhi",530000,Your primary focus will be the development of Android applications and their backend integration.You will need to work along-side other developers and…,"PostgreSQL,MySQL,GraphQL,Node.js,MongoDB,Server Handling,web-frameworks,optimize queries"
Testing Developer,Edzeal Technologies,nan,520000,Node.JS developer: 2 years (Preferred).We are looking for NodeJS Developers who can design and develop backend applications that are highly robust and scalable…,"PostgreSQL,MySQL,GraphQL,Node.js,MongoDB,Server Handling,web-frameworks,optimize queries"
Laravel Developer,Schbang Digital Solutions Pvt Ltd,India,420000,"We are looking for a passionate Software engineer to design, develop and support our front end and backend systems.Expected Start Date: 15/8/2020.","PostgreSQL,MySQL,GraphQL,Node.js,MongoDB,Server Handling,web-frameworks,optimize queries"
Flutter Developer,Nirals,"Bengaluru, Karnataka",570000,"Work on backend development activities, solutions, methods, and practices.We are seeking an innovative and engaged PHP developer who is motivated, creative,…","PostgreSQL,MySQL,GraphQL,Node.js,MongoDB,Server Handling,web-frameworks,optimize queries"
Android Developer,Quantsapp Private Limited,"Bengaluru, Karnataka",540000,"Hitachi Vantara, a wholly-owned subsidiary of Hitachi, Ltd., guides our customers from what’s now to what’s next by solving their digital challenges.","PostgreSQL,MySQL,GraphQL,Node.js,MongoDB,Server Handling,web-frameworks,optimize queries"
Backend Developer,State Street,"Chennai, Tamil Nadu",550000,5+ years experience as Node.js developer.Transerve is looking for smart backend developers to work with our product development team to develop solutions for…,"PostgreSQL,MySQL,GraphQL,Node.js,MongoDB,Server Handling,web-frameworks,optimize queries"
PHP Web Developer,Prime Plus Consultancy&solution,"Lucknow, Uttar Pradesh",420000,Create products and backend api's as described by the business team.Code the backend of logics for consumption by the UI team.IIT graduation is a plus.,"PostgreSQL,MySQL,GraphQL,Node.js,MongoDB,Server Handling,web-frameworks,optimize queries"
Web Designer,EngineerBabu,India,440000,"8)Git ,as well as backend skills.We are looking for an Android developer responsible for the development and maintenance of applications aimed at a vast number…","PostgreSQL,MySQL,GraphQL,Node.js,MongoDB,Server Handling,web-frameworks,optimize queries"
Backend Developer_Node js developer,Ephicacy,"Bengaluru, Karnataka",490000,"General EDI knowledge such as EDIFACT and XML formats such as UBL.Basic understanding of Java, ability to make small changes to TE2 code which reminds Java.","PostgreSQL,MySQL,GraphQL,Node.js,MongoDB,Server Handling,web-frameworks,optimize queries"
NodeJS Backend Developer,Qualtech Telesys Private Limited,nan,430000,"At least 2 years of experience as a Node JS developer is required.Design, build and maintain high performance, reusable, and reliable code.","PostgreSQL,MySQL,GraphQL,Node.js,MongoDB,Server Handling,web-frameworks,optimize queries"
Backend/Node js Developer (2+ yrs exp),Prime Plus Consultancy&solution,"Bengaluru, Karnataka",590000,We are looking for 3 candidates with Relative Experience of (1-4 years) in Backend Engineering on a high priority.*.It is the most important.,"PostgreSQL,MySQL,GraphQL,Node.js,MongoDB,Server Handling,web-frameworks,optimize queries"
Jr.SAP FIORI &oDATA Consultant on Abap,TRANSERVE,nan,560000,Job Summary* – To take up the challenges and build the applications by integrating the backend services.Should be able to think and design the wireframes based…,"PostgreSQL,MySQL,GraphQL,Node.js,MongoDB,Server Handling,web-frameworks,optimize queries"
Python/Django Developer,HighIQ Robotics,"Calicut, Kerala",460000,We are looking for 3 candidates with Relative Experience of (1-4 years) in Backend Engineering on a high priority.*.It is the most important.,"PostgreSQL,MySQL,GraphQL,Node.js,MongoDB,Server Handling,web-frameworks,optimize queries"
Wordpress Developer,Quick Infotech,"New Delhi, Delhi",470000,"Experience building frontend and backend for dynamic web applications for internal and external use.Hires in this role will work on backend systems, internal…","PostgreSQL,MySQL,GraphQL,Node.js,MongoDB,Server Handling,web-frameworks,optimize queries"
Backend Engineer (Python),Wing Operations & Technologies India,India,550000,We are looking for incredible people that are also very passionate and experienced developers to join our office in Delhi.The role is yours to make.,"PostgreSQL,MySQL,GraphQL,Node.js,MongoDB,Server Handling,web-frameworks,optimize queries"
Java backend and Database developer,SoftTech Services,"Thiruvananthapuram, Kerala",520000,We are looking for developers with Python/Javascript experience and definitely apply if you have any WebRTC experience.Temporarily due to COVID-19.,"PostgreSQL,MySQL,GraphQL,Node.js,MongoDB,Server Handling,web-frameworks,optimize queries"
PHP Developer,volio technologies ltd,nan,580000,Writing scalable backend applications in Python.We are looking for an experienced and passionate Python Developer with 1-3 years’ experience is Preferable.,"PostgreSQL,MySQL,GraphQL,Node.js,MongoDB,Server Handling,web-frameworks,optimize queries"
Backend Java Developer,Larsen & Toubro Infotech Limited,"Kothrud, Pune, Maharashtra",430000,"As a backend developer, you’ll be expected to handle the following tasks on a day-to-day basis,.You love solving insane problems intelligently with AI, and…","PostgreSQL,MySQL,GraphQL,Node.js,MongoDB,Server Handling,web-frameworks,optimize queries"
"Net Developer,",DAXTA TECH,"Chennai, Tamil Nadu",400000,Good understanding and experience in FIORI Development using WEB IDE and Eclipse tools along with backend integration.Wanted SAP Aabp Odata & fiori Developer.,"PostgreSQL,MySQL,GraphQL,Node.js,MongoDB,Server Handling,web-frameworks,optimize queries"
EDI Massaging with JAVA Backend Developer 5+ exp,Hitachi Vantara,"Delhi, Delhi",550000,The employee would get an opportunity to work on core frontend/backend development.Required urgent Frontend/Backend Developer for an edtech startup.,"PostgreSQL,MySQL,GraphQL,Node.js,MongoDB,Server Handling,web-frameworks,optimize queries"
Urgent Requirement for Sr. Python Developer,QuEST Global Engineering,"Mumbai, Maharashtra",410000,"Qualified developers should have solid working knowledge of.Global link, a division of State Street Global Markets, is a leader in providing electronic trading…","PostgreSQL,MySQL,GraphQL,Node.js,MongoDB,Server Handling,web-frameworks,optimize queries"
Jr.SAP FIORI &oDATA Consultant on Abap,Antal International,"Bengaluru, Karnataka",460000,"Write quality backend code primarily in Java REST API(JAX RS), Spring.2+ years’ experience as a Java Developer.Strong proficiency with API (REST) integration.","PostgreSQL,MySQL,GraphQL,Node.js,MongoDB,Server Handling,web-frameworks,optimize queries"
Backend Developer,CareerXperts,"Madurai, Tamil Nadu",440000,"We are looking for a Python/Django Developer, who is motivated to utilize skills in developing a long-lasting product with value addition to the current…","PostgreSQL,MySQL,GraphQL,Node.js,MongoDB,Server Handling,web-frameworks,optimize queries"
Backend Developer,Schbang Digital Solutions Pvt Ltd,India,440000,Ability to work closely with front end developers.Taking ready HTML/CSS files from front end developers and executing the project based on the logic and…,"PostgreSQL,MySQL,GraphQL,Node.js,MongoDB,Server Handling,web-frameworks,optimize queries"
Backend Engineer (Python),Prime Plus Consultancy&solution,"Bengaluru, Karnataka",470000,Good understanding and experience in FIORI Development using WEB IDE and Eclipse tools along with backend integration.Wanted SAP Aabp Odata & fiori Developer.,"PostgreSQL,MySQL,GraphQL,Node.js,MongoDB,Server Handling,web-frameworks,optimize queries"
Cosmos DB Back end Developer,Kuwy Technology,"Delhi, Delhi",490000,Your primary focus will be the development of Android applications and their backend integration.You will need to work along-side other developers and…,"PostgreSQL,MySQL,GraphQL,Node.js,MongoDB,Server Handling,web-frameworks,optimize queries"
Wordpress Developer,Tripoto,"Chennai, Tamil Nadu",560000,JS developer to drive our backend operations for our products Sparq/SearchTap.Integration of user-facing elements developed by front-end developers with server…,"PostgreSQL,MySQL,GraphQL,Node.js,MongoDB,Server Handling,web-frameworks,optimize queries"
Backend Developer,Tripoto,"Vikhroli, Mumbai, Maharashtra",520000,Looking for android developer who can work collaboratively with backend engineers to create an amazing product that our community will love to use.,"PostgreSQL,MySQL,GraphQL,Node.js,MongoDB,Server Handling,web-frameworks,optimize queries"
Android 2-3 Yrs. Experienced Developer,Edzeal Technologies,India,410000,Looking for android developer who can work collaboratively with backend engineers to create an amazing product that our community will love to use.,"PostgreSQL,MySQL,GraphQL,Node.js,MongoDB,Server Handling,web-frameworks,optimize queries"
Jr.SAP FIORI &oDATA Consultant on Abap,Wise,"Delhi, Delhi",500000,We’re looking for a solid backend engineer who has super powers in designing and building great backend architecture and data delivering tools.,"PostgreSQL,MySQL,GraphQL,Node.js,MongoDB,Server Handling,web-frameworks,optimize queries"
Java - Backend Developer,Quantsapp Private Limited,"Indore, Madhya Pradesh",400000,We’re looking for a solid backend engineer who has super powers in designing and building great backend architecture and data delivering tools.,"PostgreSQL,MySQL,GraphQL,Node.js,MongoDB,Server Handling,web-frameworks,optimize queries"
Android Developer,NPAV,"Haridwar, Uttarakhand",530000,Create products and backend api's as described by the business team.Code the backend of logics for consumption by the UI team.IIT graduation is a plus.,"PostgreSQL,MySQL,GraphQL,Node.js,MongoDB,Server Handling,web-frameworks,optimize queries"
Backend Developer,Digi Interface,"Bengaluru, Karnataka",580000,We are looking for a WordPress PHP developer to work on our plugin and building addon modules along with supporting customization requests.,"PostgreSQL,MySQL,GraphQL,Node.js,MongoDB,Server Handling,web-frameworks,optimize queries"
Wordpress Developer,DAXTA TECH,"Bengaluru, Karnataka",580000,We’re looking for a solid backend engineer who has super powers in designing and building great backend architecture and data delivering tools.,"PostgreSQL,MySQL,GraphQL,Node.js,MongoDB,Server Handling,web-frameworks,optimize queries"
Urgent Requirement for Sr. Python Developer,Hipster,"Kolkata, West Bengal",400000,"Write quality backend code primarily in Java REST API(JAX RS), Spring.2+ years’ experience as a Java Developer.Strong proficiency with API (REST) integration.","PostgreSQL,MySQL,GraphQL,Node.js,MongoDB,Server Handling,web-frameworks,optimize queries"
Laravel Developer,Quantsapp Private Limited,"Bengaluru, Karnataka",510000,The employee would get an opportunity to work on core frontend/backend development.Required urgent Frontend/Backend Developer for an edtech startup.,"PostgreSQL,MySQL,GraphQL,Node.js,MongoDB,Server Handling,web-frameworks,optimize queries"
Android 2-3 Yrs. Experienced Developer,State Street,"Bengaluru, Karnataka",590000,"Should have experience in backend and frontend development.Should have good experience in Wordpress development.Write clean, well designed code .","PostgreSQL,MySQL,GraphQL,Node.js,MongoDB,Server Handling,web-frameworks,optimize queries"
Jr.SAP FIORI &oDATA Consultant on Abap,Wise,nan,560000,Good understanding and experience in FIORI Development using WEB IDE and Eclipse tools along with backend integration.Wanted SAP Aabp Odata & fiori Developer.,"PostgreSQL,MySQL,GraphQL,Node.js,MongoDB,Server Handling,web-frameworks,optimize queries"
Mobile Application Developer – iOS + Android Developer,JD Softtech,"New Delhi, Delhi",590000,Node.JS developer: 2 years (Preferred).We are looking for NodeJS Developers who can design and develop backend applications that are highly robust and scalable…,"PostgreSQL,MySQL,GraphQL,Node.js,MongoDB,Server Handling,web-frameworks,optimize queries"
Backend Developer,Xoxoday,"Hyderabad, Telangana",530000,We are looking for developers with Python/Javascript experience and definitely apply if you have any WebRTC experience.Temporarily due to COVID-19.,"PostgreSQL,MySQL,GraphQL,Node.js,MongoDB,Server Handling,web-frameworks,optimize queries"
Backend Engineer,RepTime Sales Software,"Bhopal, Madhya Pradesh",450000,"At least 2 years of experience as a Node JS developer is required.Design, build and maintain high performance, reusable, and reliable code.","PostgreSQL,MySQL,GraphQL,Node.js,MongoDB,Server Handling,web-frameworks,optimize queries"
Android 2-3 Yrs. Experienced Developer,TeamPlus Staffing Solution Pvt Ltd,"Chennai, Tamil Nadu",540000,We are looking for a WordPress PHP developer to work on our plugin and building addon modules along with supporting customization requests.,"PostgreSQL,MySQL,GraphQL,Node.js,MongoDB,Server Handling,web-frameworks,optimize queries"
Android Developer,Unique IT Tech,"Hyderabad, Telangana",540000,Good understanding and experience in FIORI Development using WEB IDE and Eclipse tools along with backend integration.Wanted SAP Aabp Odata & fiori Developer.,"PostgreSQL,MySQL,GraphQL,Node.js,MongoDB,Server Handling,web-frameworks,optimize queries"
Backend Developer,Prime Plus Consultancy&solution,"Haridwar, Uttarakhand",590000,"The backend development team , you will be responsible.Enhance Analytics and overall backend architecture for better performance.Experience in PHP is a plus.","PostgreSQL,MySQL,GraphQL,Node.js,MongoDB,Server Handling,web-frameworks,optimize queries"
Jr.SAP FIORI &oDATA Consultant on Abap,The One Technologies,"Andheri, Mumbai, Maharashtra",550000,Good understanding and experience in FIORI Development using WEB IDE and Eclipse tools along with backend integration.Wanted SAP Aabp Odata & fiori Developer.,"PostgreSQL,MySQL,GraphQL,Node.js,MongoDB,Server Handling,web-frameworks,optimize queries"
Android Backend Developer,CareerXperts,"Haridwar, Uttarakhand",530000,Your primary focus will be the development of Android applications and their backend integration.You will need to work along-side other developers and…,"PostgreSQL,MySQL,GraphQL,Node.js,MongoDB,Server Handling,web-frameworks,optimize queries"
SE ‐ Java Developer,Edzeal Technologies,nan,510000,Good understanding and experience in FIORI Development using WEB IDE and Eclipse tools along with backend integration.Wanted SAP Aabp Odata & fiori Developer.,"PostgreSQL,MySQL,GraphQL,Node.js,MongoDB,Server Handling,web-frameworks,optimize queries"
Senior Python Developer,Adrobit Technologies,nan,420000,"At least 2 years of experience as a Node JS developer is required.Design, build and maintain high performance, reusable, and reliable code.","PostgreSQL,MySQL,GraphQL,Node.js,MongoDB,Server Handling,web-frameworks,optimize queries"
Android Developer,EveryCrave Webteck Pvt Ltd,nan,430000,Good understanding and experience in FIORI Development using WEB IDE and Eclipse tools along with backend integration.Wanted SAP Aabp Odata & fiori Developer.,"PostgreSQL,MySQL,GraphQL,Node.js,MongoDB,Server Handling,web-frameworks,optimize queries"
Senior Python Developer,Ushva,nan,530000,Demonstrated accomplishments as a web developer.Here's what you'll do at Wise.You’ll be the Web Developer at Wise.Who does this role report to?,"PostgreSQL,MySQL,GraphQL,Node.js,MongoDB,Server Handling,web-frameworks,optimize queries"
MEAN Stack Developer,Hipster,"Hyderabad, Telangana",440000,Good understanding and experience in FIORI Development using WEB IDE and Eclipse tools along with backend integration.Wanted SAP Aabp Odata & fiori Developer.,"PostgreSQL,MySQL,GraphQL,Node.js,MongoDB,Server Handling,web-frameworks,optimize queries"
Software Engineer,Schbang Digital Solutions Pvt Ltd,nan,480000,Demonstrated accomplishments as a web developer.Here's what you'll do at Wise.You’ll be the Web Developer at Wise.Who does this role report to?,"PostgreSQL,MySQL,GraphQL,Node.js,MongoDB,Server Handling,web-frameworks,optimize queries"
Jr.SAP FIORI &oDATA Consultant on Abap,HighIQ Robotics,"Calicut, Kerala",460000,Good understanding and experience in FIORI Development using WEB IDE and Eclipse tools along with backend integration.Wanted SAP Aabp Odata & fiori Developer.,"PostgreSQL,MySQL,GraphQL,Node.js,MongoDB,Server Handling,web-frameworks,optimize queries"
C++ Developer - Media Applications,Qualtech Telesys Private Limited,"Bengaluru, Karnataka",530000,"Create high performance, secure, responsive, clean and simple front-end builts in collaboration and discussion with backend developers, designers and product…","PostgreSQL,MySQL,GraphQL,Node.js,MongoDB,Server Handling,web-frameworks,optimize queries"
Testing Developer,Infoky,"Gurgaon, Haryana",460000,"The backend development team , you will be responsible.Enhance Analytics and overall backend architecture for better performance.Experience in PHP is a plus.","PostgreSQL,MySQL,GraphQL,Node.js,MongoDB,Server Handling,web-frameworks,optimize queries"
Backend Engineer,HIRING STREET,"Bengaluru, Karnataka",440000,The employee would get an opportunity to work on core frontend/backend development.Required urgent Frontend/Backend Developer for an edtech startup.,"PostgreSQL,MySQL,GraphQL,Node.js,MongoDB,Server Handling,web-frameworks,optimize queries"
PHP Web Developer,Startiyo Business Solutions,nan,560000,Salary: Not Disclosed by Recruiter.Industry:IT-Software / Software Services.Functional Area:IT Software - System Programming.,"PostgreSQL,MySQL,GraphQL,Node.js,MongoDB,Server Handling,web-frameworks,optimize queries"
Android Developer,Prosols Technology,nan,550000,We are looking for incredible people that are also very passionate and experienced developers to join our office in Delhi.The role is yours to make.,"PostgreSQL,MySQL,GraphQL,Node.js,MongoDB,Server Handling,web-frameworks,optimize queries"
Backend developer (LE) - .Net,Green Apple Solutions,"Jaipur, Rajasthan",580000,Salary: Not Disclosed by Recruiter.Industry:IT-Software / Software Services.Functional Area:IT Software - System Programming.,"PostgreSQL,MySQL,GraphQL,Node.js,MongoDB,Server Handling,web-frameworks,optimize queries"
SE ‐ Java Developer,Nirals,"Chennai, Tamil Nadu",550000,Good understanding and experience in FIORI Development using WEB IDE and Eclipse tools along with backend integration.Wanted SAP Aabp Odata & fiori Developer.,"PostgreSQL,MySQL,GraphQL,Node.js,MongoDB,Server Handling,web-frameworks,optimize queries"
Frontend Developer,DAXTA TECH,"Bengaluru, Karnataka",540000,"Looking for Java Developer with Springboot hands-on.Hands-on individual responsible for producing excellent quality of code, adhering to expected coding…","PostgreSQL,MySQL,GraphQL,Node.js,MongoDB,Server Handling,web-frameworks,optimize queries"
Flutter Developer,ThinkStart,nan,400000,Excellent opportunity to build devices and tablets from scratch.and also find back-end developer.We are looking for a passionate and enthusiastic Android…,"PostgreSQL,MySQL,GraphQL,Node.js,MongoDB,Server Handling,web-frameworks,optimize queries"
Jr.SAP FIORI &oDATA Consultant on Abap,Prime Plus Consultancy&solution,"Bengaluru, Karnataka",530000,Excellent opportunity to build devices and tablets from scratch.and also find back-end developer.We are looking for a passionate and enthusiastic Android…,"PostgreSQL,MySQL,GraphQL,Node.js,MongoDB,Server Handling,web-frameworks,optimize queries"
Freshers - iOS Developer,TRANSERVE,India,410000,Collaborate and work with frontend and mobile app developers on the backend needs of projects.Perform UI/backend tests to optimize performance.,"PostgreSQL,MySQL,GraphQL,Node.js,MongoDB,Server Handling,web-frameworks,optimize queries"
PHP Developer,NPAV,"Hyderabad, Telangana",410000,1-5 years of experience in designing and developing complex backend systems.A strong presence on developer websites like GitHub and StackOverflow is a plus.,"PostgreSQL,MySQL,GraphQL,Node.js,MongoDB,Server Handling,web-frameworks,optimize queries"
Frontend / Backend Developer,Ushva,nan,510000,Utilize backend data services and contribute to increase existing data services API.We are looking for a motivated PHP / Laravel developer to come join our…,"PostgreSQL,MySQL,GraphQL,Node.js,MongoDB,Server Handling,web-frameworks,optimize queries"
 JavaScript / React Native / Redux Developer,A Reknown Organization,nan,570000,"PaperPlane is looking for a Full Stack Javascript Developer who will use a combination of HTML, CSS, and JavaScript to build everything a user sees and…","PostgreSQL,MySQL,GraphQL,Node.js,MongoDB,Server Handling,web-frameworks,optimize queries"
PHP Developer,Edzeal Technologies,nan,520000,Demonstrated accomplishments as a web developer.Here's what you'll do at Wise.You’ll be the Web Developer at Wise.Who does this role report to?,"PostgreSQL,MySQL,GraphQL,Node.js,MongoDB,Server Handling,web-frameworks,optimize queries"
PYTHON Developer Role,Antal International,"Hyderabad, Telangana",530000,Good understanding and experience in FIORI Development using WEB IDE and Eclipse tools along with backend integration.Wanted SAP Aabp Odata & fiori Developer.,"PostgreSQL,MySQL,GraphQL,Node.js,MongoDB,Server Handling,web-frameworks,optimize queries"
Jr.SAP FIORI &oDATA Consultant on Abap,State Street,nan,590000,Good understanding and experience in FIORI Development using WEB IDE and Eclipse tools along with backend integration.Wanted SAP Aabp Odata & fiori Developer.,"PostgreSQL,MySQL,GraphQL,Node.js,MongoDB,Server Handling,web-frameworks,optimize queries"
PHP Developer,Antal International,"Calicut, Kerala",510000,"PaperPlane is looking for a Full Stack Javascript Developer who will use a combination of HTML, CSS, and JavaScript to build everything a user sees and…","PostgreSQL,MySQL,GraphQL,Node.js,MongoDB,Server Handling,web-frameworks,optimize queries"
Jr.SAP FIORI &oDATA Consultant on Abap,Quick Infotech,"Madurai, Tamil Nadu",490000,We are looking for technically savvy and passionate Android developer to cater to the development and testing efforts in frontend and backend area.,"PostgreSQL,MySQL,GraphQL,Node.js,MongoDB,Server Handling,web-frameworks,optimize queries"
EDI Massaging with JAVA Backend Developer 5+ exp,Paper Plane Solutions.,nan,470000,We are looking for a WordPress PHP developer to work on our plugin and building addon modules along with supporting customization requests.,"PostgreSQL,MySQL,GraphQL,Node.js,MongoDB,Server Handling,web-frameworks,optimize queries"
Backend Java Developer,ITC Infotech,"Pune, Maharashtra",550000,Demonstrated accomplishments as a web developer.Here's what you'll do at Wise.You’ll be the Web Developer at Wise.Who does this role report to?,"PostgreSQL,MySQL,GraphQL,Node.js,MongoDB,Server Handling,web-frameworks,optimize queries"
PYTHON Developer Role,Prime Plus Consultancy&solution,India,410000,"8)Git ,as well as backend skills.We are looking for an Android developer responsible for the development and maintenance of applications aimed at a vast number…","PostgreSQL,MySQL,GraphQL,Node.js,MongoDB,Server Handling,web-frameworks,optimize queries"
Frontend Developer,"CGI Group, Inc.","Chennai, Tamil Nadu",450000,"BE/BTech in CSE/ECE/IT/.Salary: ₹10,000.00 per month.Total work: 1 year (Preferred).Temporarily due to COVID-19.","PostgreSQL,MySQL,GraphQL,Node.js,MongoDB,Server Handling,web-frameworks,optimize queries"
PHP Developer,HighIQ Robotics,"Pune, Maharashtra",500000,Node.JS developer: 2 years (Preferred).We are looking for NodeJS Developers who can design and develop backend applications that are highly robust and scalable…,"PostgreSQL,MySQL,GraphQL,Node.js,MongoDB,Server Handling,web-frameworks,optimize queries"
PYTHON Developer Role,HIRING STREET,"Pune, Maharashtra",520000,"Work on backend development activities, solutions, methods, and practices.We are seeking an innovative and engaged PHP developer who is motivated, creative,…","PostgreSQL,MySQL,GraphQL,Node.js,MongoDB,Server Handling,web-frameworks,optimize queries"
PHP Developer,Infoky,"Unnikulam, Kerala",430000,Coordinating with backend programmers/software developers for specialized scripts.Looking for an enthusiastic person for the role of web designers having…,"PostgreSQL,MySQL,GraphQL,Node.js,MongoDB,Server Handling,web-frameworks,optimize queries"
C++ Developer - Media Applications,A Reknown Organization,"Indore, Madhya Pradesh",430000,"We are a startup in search of a Full Stack Developer who’s a jack of all trades, transitioning seamlessly between front and backend coding.","PostgreSQL,MySQL,GraphQL,Node.js,MongoDB,Server Handling,web-frameworks,optimize queries"
Backend Engineer,Grow4sure,"Madurai, Tamil Nadu",410000,Willingness to learn the entire stack of frontend and backend technologies.We have a new open position for Web/JavaScript developer.,"PostgreSQL,MySQL,GraphQL,Node.js,MongoDB,Server Handling,web-frameworks,optimize queries"
Freshers - iOS Developer,EngineerBabu,"Pune, Maharashtra",590000,Demonstrated accomplishments as a web developer.Here's what you'll do at Wise.You’ll be the Web Developer at Wise.Who does this role report to?,"PostgreSQL,MySQL,GraphQL,Node.js,MongoDB,Server Handling,web-frameworks,optimize queries"
Freshers - iOS Developer,Prime Plus Consultancy&solution,"Mumbai, Maharashtra",530000,"The backend development team , you will be responsible.Enhance Analytics and overall backend architecture for better performance.Experience in PHP is a plus.","PostgreSQL,MySQL,GraphQL,Node.js,MongoDB,Server Handling,web-frameworks,optimize queries"
Web / API Developer - LAMP Stack (Remote),JD Softtech,"Bengaluru, Karnataka",470000,Should be able to Integrate user-facing elements developed by front-end developers with server side logic.We are a fast growing Managed Service Provider with…,"PostgreSQL,MySQL,GraphQL,Node.js,MongoDB,Server Handling,web-frameworks,optimize queries"
Full Stack Developer,Unique IT Tech,"Chennai, Tamil Nadu",540000,Good understanding and experience in FIORI Development using WEB IDE and Eclipse tools along with backend integration.Wanted SAP Aabp Odata & fiori Developer.,"PostgreSQL,MySQL,GraphQL,Node.js,MongoDB,Server Handling,web-frameworks,optimize queries"
Backend Developer,Paper Plane Solutions.,"Calicut, Kerala",510000,Work with the backend development team to integrate front-end code.Experience: 4 to 9 years.Qualification: Bachelor/Master’s degree in Engineering.,"PostgreSQL,MySQL,GraphQL,Node.js,MongoDB,Server Handling,web-frameworks,optimize queries"
Testing Developer,TRANSERVE,"Jaipur, Rajasthan",400000,Should be able to Integrate user-facing elements developed by front-end developers with server side logic.We are a fast growing Managed Service Provider with…,"PostgreSQL,MySQL,GraphQL,Node.js,MongoDB,Server Handling,web-frameworks,optimize queries"
Jr.SAP FIORI &oDATA Consultant on Abap,Nirals,"Lucknow, Uttar Pradesh",540000,"As a backend developer, you’ll be expected to handle the following tasks on a day-to-day basis,.You love solving insane problems intelligently with AI, and…","PostgreSQL,MySQL,GraphQL,Node.js,MongoDB,Server Handling,web-frameworks,optimize queries"
Backend developer (LE) - .Net,volio technologies ltd,"Pune, Maharashtra",530000,"Experience building frontend and backend for dynamic web applications for internal and external use.Hires in this role will work on backend systems, internal…","PostgreSQL,MySQL,GraphQL,Node.js,MongoDB,Server Handling,web-frameworks,optimize queries"
Jr.SAP FIORI &oDATA Consultant on Abap,Prime Plus Consultancy&solution,"Bengaluru, Karnataka",500000,"We are looking for a Python/Django Developer, who is motivated to utilize skills in developing a long-lasting product with value addition to the current…","PostgreSQL,MySQL,GraphQL,Node.js,MongoDB,Server Handling,web-frameworks,optimize queries"
Frontend / Backend Developer,TeamPlus Staffing Solution Pvt Ltd,"Pune, Maharashtra",540000,"Experience working in a development team in the role as quality engineer - Experience in QA processes and tools, test management systems, designing and running…","PostgreSQL,MySQL,GraphQL,Node.js,MongoDB,Server Handling,web-frameworks,optimize queries"
"Net Developer,",NPAV,"Gurgaon, Haryana",520000,"We are looking for a passionate Software engineer to design, develop and support our front end and backend systems.Expected Start Date: 15/8/2020.","PostgreSQL,MySQL,GraphQL,Node.js,MongoDB,Server Handling,web-frameworks,optimize queries"
PHP Developer,Quick Infotech,India,510000,"We are looking for a Python/Django Developer, who is motivated to utilize skills in developing a long-lasting product with value addition to the current…","PostgreSQL,MySQL,GraphQL,Node.js,MongoDB,Server Handling,web-frameworks,optimize queries"
Jr.SAP FIORI &oDATA Consultant on Abap,CyBuzzSC Infotech Pvt. Ltd.,"Chennai, Tamil Nadu",460000,"8)Git ,as well as backend skills.We are looking for an Android developer responsible for the development and maintenance of applications aimed at a vast number…","PostgreSQL,MySQL,GraphQL,Node.js,MongoDB,Server Handling,web-frameworks,optimize queries"
Testing Developer,DAXTA TECH,"Chennai, Tamil Nadu",460000,"Experienced C++ developer for a team that develops application software (UI and backend) at Sony India Software Center, Bangalore.4-6 years of work experience.","PostgreSQL,MySQL,GraphQL,Node.js,MongoDB,Server Handling,web-frameworks,optimize queries"
HTML Developer,Noviindus Technologies,"Chennai, Tamil Nadu",520000,"We are a startup in search of a Full Stack Developer who’s a jack of all trades, transitioning seamlessly between front and backend coding.","PostgreSQL,MySQL,GraphQL,Node.js,MongoDB,Server Handling,web-frameworks,optimize queries"
Web Developer,ITC Infotech,nan,560000,We are looking for an experienced Back-end developer to join our team!Auxo Labs is a venture capital-funded company founded in 2014 with innovation and a keen…,"PostgreSQL,MySQL,GraphQL,Node.js,MongoDB,Server Handling,web-frameworks,optimize queries"
Frontend / Backend Developer,Grow4sure,nan,520000,"Looking for Java Developer with Springboot hands-on.Hands-on individual responsible for producing excellent quality of code, adhering to expected coding…","PostgreSQL,MySQL,GraphQL,Node.js,MongoDB,Server Handling,web-frameworks,optimize queries"
Frontend Developer,HackerKernel,"Hyderabad, Telangana",540000,"We are looking for a Python/Django Developer, who is motivated to utilize skills in developing a long-lasting product with value addition to the current…","PostgreSQL,MySQL,GraphQL,Node.js,MongoDB,Server Handling,web-frameworks,optimize queries"
Java backend and Database developer,Quantsapp Private Limited,nan,420000,Added Advantage: Web Services Implementation knowledge in PHP and backend development.Should have strong fundamental knowledge of Android development.,"PostgreSQL,MySQL,GraphQL,Node.js,MongoDB,Server Handling,web-frameworks,optimize queries"
C++ Developer - Media Applications,Noviindus Technologies,"Chennai, Tamil Nadu",570000,JS developer to drive our backend operations for our products Sparq/SearchTap.Integration of user-facing elements developed by front-end developers with server…,"PostgreSQL,MySQL,GraphQL,Node.js,MongoDB,Server Handling,web-frameworks,optimize queries"
Web Developer,Tripoto,"Bengaluru, Karnataka",460000,Good understanding and experience in FIORI Development using WEB IDE and Eclipse tools along with backend integration.Wanted SAP Aabp Odata & fiori Developer.,"PostgreSQL,MySQL,GraphQL,Node.js,MongoDB,Server Handling,web-frameworks,optimize queries"
Jr.SAP FIORI &oDATA Consultant on Abap,A Reknown Organization,"Calicut, Kerala",500000,We are looking for technically savvy and passionate Android developer to cater to the development and testing efforts in frontend and backend area.,"PostgreSQL,MySQL,GraphQL,Node.js,MongoDB,Server Handling,web-frameworks,optimize queries"
Android 2-3 Yrs. Experienced Developer,Prime Plus Consultancy&solution,nan,550000,Good understanding and experience in FIORI Development using WEB IDE and Eclipse tools along with backend integration.Wanted SAP Aabp Odata & fiori Developer.,"PostgreSQL,MySQL,GraphQL,Node.js,MongoDB,Server Handling,web-frameworks,optimize queries"
Frontend / Backend Developer,volio technologies ltd,"Surat, Gujarat",400000,Demonstrated accomplishments as a web developer.Here's what you'll do at Wise.You’ll be the Web Developer at Wise.Who does this role report to?,"PostgreSQL,MySQL,GraphQL,Node.js,MongoDB,Server Handling,web-frameworks,optimize queries"
Jr.SAP FIORI &oDATA Consultant on Abap,Blue Tokai Coffee Roasters,"Bengaluru, Karnataka",550000,"The backend development team , you will be responsible.Enhance Analytics and overall backend architecture for better performance.Experience in PHP is a plus.","PostgreSQL,MySQL,GraphQL,Node.js,MongoDB,Server Handling,web-frameworks,optimize queries"
Jr.SAP FIORI &oDATA Consultant on Abap,TeamPlus Staffing Solution Pvt Ltd,nan,470000,Should be able to Integrate user-facing elements developed by front-end developers with server side logic.We are a fast growing Managed Service Provider with…,"PostgreSQL,MySQL,GraphQL,Node.js,MongoDB,Server Handling,web-frameworks,optimize queries"
Backend Engineer,RepTime Sales Software,"New Delhi, Delhi",560000,"Experience building frontend and backend for dynamic web applications for internal and external use.Hires in this role will work on backend systems, internal…","PostgreSQL,MySQL,GraphQL,Node.js,MongoDB,Server Handling,web-frameworks,optimize queries"
Hiring for Backend Developer Nodejs / AWS/SQL,Orfosis Infotech pvt ltd,"Mumbai, Maharashtra",560000,The employee would get an opportunity to work on core frontend/backend development.Required urgent Frontend/Backend Developer for an edtech startup.,"PostgreSQL,MySQL,GraphQL,Node.js,MongoDB,Server Handling,web-frameworks,optimize queries"
Android Developer,Prosols Technology,nan,460000,"Candidate should have knowledge of frontend and backend both.Salary: ₹12,000.00 - ₹16,000.00 per month.Android development: 1 year (Required).","PostgreSQL,MySQL,GraphQL,Node.js,MongoDB,Server Handling,web-frameworks,optimize queries"
PYTHON Developer Role,Prime Plus Consultancy&solution,"Chennai, Tamil Nadu",510000,5+ years experience as Node.js developer.Transerve is looking for smart backend developers to work with our product development team to develop solutions for…,"PostgreSQL,MySQL,GraphQL,Node.js,MongoDB,Server Handling,web-frameworks,optimize queries"
Android Developer,PerfectVIPs,"Mumbai, Maharashtra",430000,Added Advantage: Web Services Implementation knowledge in PHP and backend development.Should have strong fundamental knowledge of Android development.,"PostgreSQL,MySQL,GraphQL,Node.js,MongoDB,Server Handling,web-frameworks,optimize queries"
MEAN Stack Developer,Hitachi Vantara,nan,460000,Writing scalable backend applications in Python.We are looking for an experienced and passionate Python Developer with 1-3 years’ experience is Preferable.,"PostgreSQL,MySQL,GraphQL,Node.js,MongoDB,Server Handling,web-frameworks,optimize queries"
Android Developer,Hipster,"Madurai, Tamil Nadu",580000,Create products and backend api's as described by the business team.Code the backend of logics for consumption by the UI team.IIT graduation is a plus.,"PostgreSQL,MySQL,GraphQL,Node.js,MongoDB,Server Handling,web-frameworks,optimize queries"
Full Stack Javascript Developer,classpro,nan,500000,1-5 years of experience in designing and developing complex backend systems.A strong presence on developer websites like GitHub and StackOverflow is a plus.,"PostgreSQL,MySQL,GraphQL,Node.js,MongoDB,Server Handling,web-frameworks,optimize queries"
Software Developer Backend,volio technologies ltd,"HITEC City, Hyderabad, Telangana",580000,"Experience working in a development team in the role as quality engineer - Experience in QA processes and tools, test management systems, designing and running…","PostgreSQL,MySQL,GraphQL,Node.js,MongoDB,Server Handling,web-frameworks,optimize queries"
Backend developer (LE) - .Net,ITC Infotech,"Bengaluru, Karnataka",410000,"We are looking for an experienced and accomplished DevOps and Back-end Developer (Golang, Clojure, Ruby on Rails) to build the LMS.Temporarily due to COVID-19.","PostgreSQL,MySQL,GraphQL,Node.js,MongoDB,Server Handling,web-frameworks,optimize queries"
Android Developer,Grow4sure,"Indore, Madhya Pradesh",460000,Node.JS developer: 2 years (Preferred).We are looking for NodeJS Developers who can design and develop backend applications that are highly robust and scalable…,"PostgreSQL,MySQL,GraphQL,Node.js,MongoDB,Server Handling,web-frameworks,optimize queries"
Jr.SAP FIORI &oDATA Consultant on Abap,HighIQ Robotics,"Chennai, Tamil Nadu",440000,Salary: Not Disclosed by Recruiter.Industry:IT-Software / Software Services.Functional Area:IT Software - System Programming.,"PostgreSQL,MySQL,GraphQL,Node.js,MongoDB,Server Handling,web-frameworks,optimize queries"
MEAN Stack Developer,Ushva,nan,510000,"Backend developer with Cloud Technologies - .Net.6 to 8 years Good in C#.net, Rest API, .net core.Conversant with Design patterns, Data structures, Databases,…","PostgreSQL,MySQL,GraphQL,Node.js,MongoDB,Server Handling,web-frameworks,optimize queries"
EDI Massaging with JAVA Backend Developer 5+ exp,Prosols Technology,"Bengaluru, Karnataka",430000,Good understanding and experience in FIORI Development using WEB IDE and Eclipse tools along with backend integration.Wanted SAP Aabp Odata & fiori Developer.,"PostgreSQL,MySQL,GraphQL,Node.js,MongoDB,Server Handling,web-frameworks,optimize queries"
Jr.SAP FIORI &oDATA Consultant on Abap,AMCI,"Bengaluru, Karnataka",460000,"BE/BTech in CSE/ECE/IT/.Salary: ₹10,000.00 per month.Total work: 1 year (Preferred).Temporarily due to COVID-19.","PostgreSQL,MySQL,GraphQL,Node.js,MongoDB,Server Handling,web-frameworks,optimize queries"
Backend developer (LE) - .Net,Prime Plus Consultancy&solution,"Bengaluru, Karnataka",500000,"As a backend developer, you’ll be expected to handle the following tasks on a day-to-day basis,.You love solving insane problems intelligently with AI, and…","PostgreSQL,MySQL,GraphQL,Node.js,MongoDB,Server Handling,web-frameworks,optimize queries"
Node js developer,Prime Plus Consultancy&solution,"Vikhroli, Mumbai, Maharashtra",490000,"You should be a self managed developer and be able to handle tasks independently.As a Backend Engineer, you will be responsible for implementing new features,…","PostgreSQL,MySQL,GraphQL,Node.js,MongoDB,Server Handling,web-frameworks,optimize queries"
Frontend / Backend Developer,Antal International,"Mumbai, Maharashtra",420000,"We are a startup in search of a Full Stack Developer who’s a jack of all trades, transitioning seamlessly between front and backend coding.","PostgreSQL,MySQL,GraphQL,Node.js,MongoDB,Server Handling,web-frameworks,optimize queries"
Backend Developer - E- Learning,EduBridge Learning Pvt.Ltd,"Jaipur, Rajasthan",550000,"Experience working in a development team in the role as quality engineer - Experience in QA processes and tools, test management systems, designing and running…","PostgreSQL,MySQL,GraphQL,Node.js,MongoDB,Server Handling,web-frameworks,optimize queries"
Laravel Developer,Xoxoday,"Bengaluru, Karnataka",500000,Good understanding and experience in FIORI Development using WEB IDE and Eclipse tools along with backend integration.Wanted SAP Aabp Odata & fiori Developer.,"PostgreSQL,MySQL,GraphQL,Node.js,MongoDB,Server Handling,web-frameworks,optimize queries"
Frontend / Backend Developer,Orfosis Infotech pvt ltd,nan,550000,"You should be a self managed developer and be able to handle tasks independently.As a Backend Engineer, you will be responsible for implementing new features,…","PostgreSQL,MySQL,GraphQL,Node.js,MongoDB,Server Handling,web-frameworks,optimize queries"
PHP Developer,DAXTA TECH,nan,520000,Good understanding and experience in FIORI Development using WEB IDE and Eclipse tools along with backend integration.Wanted SAP Aabp Odata & fiori Developer.,"PostgreSQL,MySQL,GraphQL,Node.js,MongoDB,Server Handling,web-frameworks,optimize queries"
EDI Massaging with JAVA Backend Developer 5+ exp,HIRING STREET,nan,520000,"BE/BTech in CSE/ECE/IT/.Salary: ₹10,000.00 per month.Total work: 1 year (Preferred).Temporarily due to COVID-19.","PostgreSQL,MySQL,GraphQL,Node.js,MongoDB,Server Handling,web-frameworks,optimize queries"
JavaScript Developer,Schbang Digital Solutions Pvt Ltd,nan,540000,Working and managing a team of developers.Location: * Currently WFH and eventually Gurgaon NCR.The primary focus will be the development of all server-side…,"PostgreSQL,MySQL,GraphQL,Node.js,MongoDB,Server Handling,web-frameworks,optimize queries"
MEAN Stack Developer,Ephicacy,nan,400000,Good understanding and experience in FIORI Development using WEB IDE and Eclipse tools along with backend integration.Wanted SAP Aabp Odata & fiori Developer.,"PostgreSQL,MySQL,GraphQL,Node.js,MongoDB,Server Handling,web-frameworks,optimize queries"
Jr.SAP FIORI &oDATA Consultant on Abap,Pace Wisdom Solutions,nan,430000,Good understanding and experience in FIORI Development using WEB IDE and Eclipse tools along with backend integration.Wanted SAP Aabp Odata & fiori Developer.,"PostgreSQL,MySQL,GraphQL,Node.js,MongoDB,Server Handling,web-frameworks,optimize queries"
Frontend Developer,DAXTA TECH,"Chennai, Tamil Nadu",470000,"Work on backend development activities, solutions, methods, and practices.We are seeking an innovative and engaged PHP developer who is motivated, creative,…","PostgreSQL,MySQL,GraphQL,Node.js,MongoDB,Server Handling,web-frameworks,optimize queries"
Frontend / Backend Developer,Qualtech Telesys Private Limited,"Pune, Maharashtra",450000,"We are looking for a passionate Software engineer to design, develop and support our front end and backend systems.Expected Start Date: 15/8/2020.","PostgreSQL,MySQL,GraphQL,Node.js,MongoDB,Server Handling,web-frameworks,optimize queries"
Android Developer,EduBridge Learning Pvt.Ltd,India,440000,Good understanding and experience in FIORI Development using WEB IDE and Eclipse tools along with backend integration.Wanted SAP Aabp Odata & fiori Developer.,"PostgreSQL,MySQL,GraphQL,Node.js,MongoDB,Server Handling,web-frameworks,optimize queries"
Java backend and Database developer,Ushva,nan,480000,We are looking for an experienced Back-end developer to join our team!Auxo Labs is a venture capital-funded company founded in 2014 with innovation and a keen…,"PostgreSQL,MySQL,GraphQL,Node.js,MongoDB,Server Handling,web-frameworks,optimize queries"
Backend Engineer (Python),Digi Interface,"Hyderabad, Telangana",590000,"Experience building frontend and backend for dynamic web applications for internal and external use.Hires in this role will work on backend systems, internal…","PostgreSQL,MySQL,GraphQL,Node.js,MongoDB,Server Handling,web-frameworks,optimize queries"
Java - Backend Developer,HIRING STREET,India,560000,Good understanding and experience in FIORI Development using WEB IDE and Eclipse tools along with backend integration.Wanted SAP Aabp Odata & fiori Developer.,"PostgreSQL,MySQL,GraphQL,Node.js,MongoDB,Server Handling,web-frameworks,optimize queries"
Testing Developer,Vikn Codes,nan,510000,"Experience working in a development team in the role as quality engineer - Experience in QA processes and tools, test management systems, designing and running…","PostgreSQL,MySQL,GraphQL,Node.js,MongoDB,Server Handling,web-frameworks,optimize queries"
Android Developer,Prime Plus Consultancy&solution,nan,410000,"Experience building frontend and backend for dynamic web applications for internal and external use.Hires in this role will work on backend systems, internal…","PostgreSQL,MySQL,GraphQL,Node.js,MongoDB,Server Handling,web-frameworks,optimize queries"
Web Developer,HighIQ Robotics,"New Delhi, Delhi",410000,Added Advantage: Web Services Implementation knowledge in PHP and backend development.Should have strong fundamental knowledge of Android development.,"PostgreSQL,MySQL,GraphQL,Node.js,MongoDB,Server Handling,web-frameworks,optimize queries"
Jr.SAP FIORI &oDATA Consultant on Abap,EngineerBabu,"Bengaluru, Karnataka",580000,"BE/BTech in CSE/ECE/IT/.Salary: ₹10,000.00 per month.Total work: 1 year (Preferred).Temporarily due to COVID-19.","PostgreSQL,MySQL,GraphQL,Node.js,MongoDB,Server Handling,web-frameworks,optimize queries"
Testing Developer,RadicalStart Infolab (P) Limited,nan,450000,"Write quality backend code primarily in Java REST API(JAX RS), Spring.2+ years’ experience as a Java Developer.Strong proficiency with API (REST) integration.","PostgreSQL,MySQL,GraphQL,Node.js,MongoDB,Server Handling,web-frameworks,optimize queries"
Backend Developer (API Lead),HighIQ Robotics,India,560000,"Experience working in a development team in the role as quality engineer - Experience in QA processes and tools, test management systems, designing and running…","PostgreSQL,MySQL,GraphQL,Node.js,MongoDB,Server Handling,web-frameworks,optimize queries"
Android Backend Developer,Unique IT Tech,"HITEC City, Hyderabad, Telangana",540000,"Should have experience in backend and frontend development.Should have good experience in Wordpress development.Write clean, well designed code .","PostgreSQL,MySQL,GraphQL,Node.js,MongoDB,Server Handling,web-frameworks,optimize queries"
Jr.SAP FIORI &oDATA Consultant on Abap,Grow4sure,"Mumbai, Maharashtra",530000,Added Advantage: Web Services Implementation knowledge in PHP and backend development.Should have strong fundamental knowledge of Android development.,"PostgreSQL,MySQL,GraphQL,Node.js,MongoDB,Server Handling,web-frameworks,optimize queries"
Backend Developer,Tripoto,"Jaipur, Rajasthan",550000,"BE/BTech in CSE/ECE/IT/.Salary: ₹10,000.00 per month.Total work: 1 year (Preferred).Temporarily due to COVID-19.","PostgreSQL,MySQL,GraphQL,Node.js,MongoDB,Server Handling,web-frameworks,optimize queries"
MEAN Stack Developer,Auxo Technology Labs,nan,530000,"You should be a self managed developer and be able to handle tasks independently.As a Backend Engineer, you will be responsible for implementing new features,…","PostgreSQL,MySQL,GraphQL,Node.js,MongoDB,Server Handling,web-frameworks,optimize queries"
Jr.SAP FIORI &oDATA Consultant on Abap,RadicalStart Infolab (P) Limited,India,570000,JS developer to drive our backend operations for our products Sparq/SearchTap.Integration of user-facing elements developed by front-end developers with server…,"PostgreSQL,MySQL,GraphQL,Node.js,MongoDB,Server Handling,web-frameworks,optimize queries"
Web / API Developer - LAMP Stack (Remote),Hipster,"Bengaluru, Karnataka",490000,Note : Its a Contract Job for 6 Months + Extendable.Design and build advanced native applications for the iOS and Android platforms.Knowledge of UX and UI.,"PostgreSQL,MySQL,GraphQL,Node.js,MongoDB,Server Handling,web-frameworks,optimize queries"
Jr.SAP FIORI &oDATA Consultant on Abap,Schbang Digital Solutions Pvt Ltd,"New Delhi, Delhi",430000,"Programming Languages: DOT NET (C#, ASP.2)Web Technologies: Angular, JavaScript, J-query, JSON, Web API, Web Services.Net Zero (Asp.Net Core).","PostgreSQL,MySQL,GraphQL,Node.js,MongoDB,Server Handling,web-frameworks,optimize queries"
Jr.SAP FIORI &oDATA Consultant on Abap,Prime Plus Consultancy&solution,"Lucknow, Uttar Pradesh",430000,Good understanding and experience in FIORI Development using WEB IDE and Eclipse tools along with backend integration.Wanted SAP Aabp Odata & fiori Developer.,"PostgreSQL,MySQL,GraphQL,Node.js,MongoDB,Server Handling,web-frameworks,optimize queries"
"Net Developer,",CareerXperts,nan,400000,Minimum of 1+ Year Real-time Experience in ReactJS/NodeJS/AngularJS.Good Understanding of Structured and Unstructured Databases (MySQL and Mongo Db).,"PostgreSQL,MySQL,GraphQL,Node.js,MongoDB,Server Handling,web-frameworks,optimize queries"
Urgent Requirement for Sr. Python Developer,Prime Plus Consultancy&solution,nan,470000,Note : Its a Contract Job for 6 Months + Extendable.Design and build advanced native applications for the iOS and Android platforms.Knowledge of UX and UI.,"PostgreSQL,MySQL,GraphQL,Node.js,MongoDB,Server Handling,web-frameworks,optimize queries"
Backend Developer (API Lead),Ephicacy,India,510000,Collaborate with backend team for API planning and execution.Design and Develop native iOS applications using Swift.Publish apps on App Store.,"PostgreSQL,MySQL,GraphQL,Node.js,MongoDB,Server Handling,web-frameworks,optimize queries"
"Net Developer,",Quick Infotech,"Pune, Maharashtra",530000,"General EDI knowledge such as EDIFACT and XML formats such as UBL.Basic understanding of Java, ability to make small changes to TE2 code which reminds Java.","PostgreSQL,MySQL,GraphQL,Node.js,MongoDB,Server Handling,web-frameworks,optimize queries"
Web / API Developer - LAMP Stack (Remote),EduBridge Learning Pvt.Ltd,nan,420000,Good understanding and experience in FIORI Development using WEB IDE and Eclipse tools along with backend integration.Wanted SAP Aabp Odata & fiori Developer.,"PostgreSQL,MySQL,GraphQL,Node.js,MongoDB,Server Handling,web-frameworks,optimize queries"
Node js developer,ARL IT Services,"Surat, Gujarat",440000,Create products and backend api's as described by the business team.Code the backend of logics for consumption by the UI team.IIT graduation is a plus.,"PostgreSQL,MySQL,GraphQL,Node.js,MongoDB,Server Handling,web-frameworks,optimize queries"
Mobile Application Developer – iOS + Android Developer,Vtiger,"Hyderabad, Telangana",420000,"Create high performance, secure, responsive, clean and simple front-end builts in collaboration and discussion with backend developers, designers and product…","PostgreSQL,MySQL,GraphQL,Node.js,MongoDB,Server Handling,web-frameworks,optimize queries"
Jr.SAP FIORI &oDATA Consultant on Abap,Prime Plus Consultancy&solution,"Kothrud, Pune, Maharashtra",560000,"Work on backend development activities, solutions, methods, and practices.We are seeking an innovative and engaged PHP developer who is motivated, creative,…","PostgreSQL,MySQL,GraphQL,Node.js,MongoDB,Server Handling,web-frameworks,optimize queries"
PHP Web Developer,Kuwy Technology,"Delhi, Delhi",470000,Working and managing a team of developers.Location: * Currently WFH and eventually Gurgaon NCR.The primary focus will be the development of all server-side…,"PostgreSQL,MySQL,GraphQL,Node.js,MongoDB,Server Handling,web-frameworks,optimize queries"
Backend Developer - E- Learning,Prime Plus Consultancy&solution,nan,430000,"Location: ITI-KR PURAM-BANGALORE.Languages known: Kannada, Telugu, Hindi and English.*.Strong/Good knowledge in UI/UX Design and development.","PostgreSQL,MySQL,GraphQL,Node.js,MongoDB,Server Handling,web-frameworks,optimize queries"
Android Developer,HIRING STREET,nan,420000,Excellent opportunity to build devices and tablets from scratch.and also find back-end developer.We are looking for a passionate and enthusiastic Android…,"PostgreSQL,MySQL,GraphQL,Node.js,MongoDB,Server Handling,web-frameworks,optimize queries"
Android Developer,NPAV,nan,490000,Good understanding and experience in FIORI Development using WEB IDE and Eclipse tools along with backend integration.Wanted SAP Aabp Odata & fiori Developer.,"PostgreSQL,MySQL,GraphQL,Node.js,MongoDB,Server Handling,web-frameworks,optimize queries"
Full Stack Javascript Developer,AMCI,"Lucknow, Uttar Pradesh",440000,The employee would get an opportunity to work on core frontend/backend development.Required urgent Frontend/Backend Developer for an edtech startup.,"PostgreSQL,MySQL,GraphQL,Node.js,MongoDB,Server Handling,web-frameworks,optimize queries"
Urgent Requirement for Sr. Python Developer,JD Softtech,India,440000,The employee would get an opportunity to work on core frontend/backend development.Required urgent Frontend/Backend Developer for an edtech startup.,"PostgreSQL,MySQL,GraphQL,Node.js,MongoDB,Server Handling,web-frameworks,optimize queries"
NodeJS Backend Developer,Orfosis Infotech pvt ltd,"Hyderabad, Telangana",570000,Willingness to learn the entire stack of frontend and backend technologies.We have a new open position for Web/JavaScript developer.,"PostgreSQL,MySQL,GraphQL,Node.js,MongoDB,Server Handling,web-frameworks,optimize queries"
SE ‐ Java Developer,Nirals,"Bengaluru, Karnataka",510000,"Create high performance, secure, responsive, clean and simple front-end builts in collaboration and discussion with backend developers, designers and product…","PostgreSQL,MySQL,GraphQL,Node.js,MongoDB,Server Handling,web-frameworks,optimize queries"
Backend Developer_Node js developer,Prime Plus Consultancy&solution,"Bengaluru, Karnataka",540000,Good understanding and experience in FIORI Development using WEB IDE and Eclipse tools along with backend integration.Wanted SAP Aabp Odata & fiori Developer.,"PostgreSQL,MySQL,GraphQL,Node.js,MongoDB,Server Handling,web-frameworks,optimize queries"
Full Stack Javascript Developer,Vikn Codes,"Panaji, Goa",590000,"Backend developer with Cloud Technologies - .Net.6 to 8 years Good in C#.net, Rest API, .net core.Conversant with Design patterns, Data structures, Databases,…","PostgreSQL,MySQL,GraphQL,Node.js,MongoDB,Server Handling,web-frameworks,optimize queries"
Full Stack Developer,ThinkStart,India,420000,"We are looking for a Python/Django Developer, who is motivated to utilize skills in developing a long-lasting product with value addition to the current…","PostgreSQL,MySQL,GraphQL,Node.js,MongoDB,Server Handling,web-frameworks,optimize queries"
Software Developer Backend,Tiara Consulting Services,"HITEC City, Hyderabad, Telangana",510000,Ability to work closely with front end developers.Taking ready HTML/CSS files from front end developers and executing the project based on the logic and…,"PostgreSQL,MySQL,GraphQL,Node.js,MongoDB,Server Handling,web-frameworks,optimize queries"
Flutter Developer,RadicalStart Infolab (P) Limited,nan,470000,"Experience working in a development team in the role as quality engineer - Experience in QA processes and tools, test management systems, designing and running…","PostgreSQL,MySQL,GraphQL,Node.js,MongoDB,Server Handling,web-frameworks,optimize queries"
Python/Django Developer,Prime Plus Consultancy&solution,"Andheri, Mumbai, Maharashtra",520000,We are looking for a WordPress PHP developer to work on our plugin and building addon modules along with supporting customization requests.,"PostgreSQL,MySQL,GraphQL,Node.js,MongoDB,Server Handling,web-frameworks,optimize queries"
NodeJS Backend Developer,DAXTA TECH,nan,490000,Should be able to Integrate user-facing elements developed by front-end developers with server side logic.We are a fast growing Managed Service Provider with…,"PostgreSQL,MySQL,GraphQL,Node.js,MongoDB,Server Handling,web-frameworks,optimize queries"
Mobile Application Developer – iOS + Android Developer,A Reknown Organization,"New Delhi, Delhi",590000,"General EDI knowledge such as EDIFACT and XML formats such as UBL.Basic understanding of Java, ability to make small changes to TE2 code which reminds Java.","PostgreSQL,MySQL,GraphQL,Node.js,MongoDB,Server Handling,web-frameworks,optimize queries"
Frontend Developer,Ushva,"Jaipur, Rajasthan",420000,"BE/BTech in CSE/ECE/IT/.Salary: ₹10,000.00 per month.Total work: 1 year (Preferred).Temporarily due to COVID-19.","PostgreSQL,MySQL,GraphQL,Node.js,MongoDB,Server Handling,web-frameworks,optimize queries"
Backend Engineer (Python),ThinkStart,"HITEC City, Hyderabad, Telangana",430000,"The backend development team , you will be responsible.Enhance Analytics and overall backend architecture for better performance.Experience in PHP is a plus.","PostgreSQL,MySQL,GraphQL,Node.js,MongoDB,Server Handling,web-frameworks,optimize queries"
Wordpress Developer,classpro,"Calicut, Kerala",570000,"In Lead Backend Developer role, you will -.Develop high quality, highly available systems within Ushva service oriented architecture.Bonus points if you have:","PostgreSQL,MySQL,GraphQL,Node.js,MongoDB,Server Handling,web-frameworks,optimize queries"
Jr.SAP FIORI &oDATA Consultant on Abap,Noviindus Technologies,nan,490000,We are looking for talented Javascript developer who want to join our engineering team to build great application for Education domain.,"PostgreSQL,MySQL,GraphQL,Node.js,MongoDB,Server Handling,web-frameworks,optimize queries"
Jr.SAP FIORI &oDATA Consultant on Abap,Ephicacy,"Ahmedabad, Gujarat",550000,Coordinating with backend programmers/software developers for specialized scripts.Looking for an enthusiastic person for the role of web designers having…,"PostgreSQL,MySQL,GraphQL,Node.js,MongoDB,Server Handling,web-frameworks,optimize queries"
Software Engineer,Quick Infotech,nan,570000,"As a backend developer, you’ll be expected to handle the following tasks on a day-to-day basis,.You love solving insane problems intelligently with AI, and…","PostgreSQL,MySQL,GraphQL,Node.js,MongoDB,Server Handling,web-frameworks,optimize queries"
PHP Web Developer,Basidia Learning Pvt Ltd,India,550000,Hands on work experience on MEAN Stack i.e.Angular 2+ experience min 1 year.Backend Technologies - Node js min 1 year.Job Type : Full-time Permanent job.,"PostgreSQL,MySQL,GraphQL,Node.js,MongoDB,Server Handling,web-frameworks,optimize queries"
Backend Developer,Adrobit Technologies,"Panaji, Goa",590000,"PaperPlane is looking for a Full Stack Javascript Developer who will use a combination of HTML, CSS, and JavaScript to build everything a user sees and…","PostgreSQL,MySQL,GraphQL,Node.js,MongoDB,Server Handling,web-frameworks,optimize queries"
"Net Developer,",Prosols Technology,"Lucknow, Uttar Pradesh",500000,Good understanding and experience in FIORI Development using WEB IDE and Eclipse tools along with backend integration.Wanted SAP Aabp Odata & fiori Developer.,"PostgreSQL,MySQL,GraphQL,Node.js,MongoDB,Server Handling,web-frameworks,optimize queries"
PHP – Laravel Developer – Backend,Noviindus Technologies,"Delhi, Delhi",460000,"We are looking for a passionate Software engineer to design, develop and support our front end and backend systems.Expected Start Date: 15/8/2020.","PostgreSQL,MySQL,GraphQL,Node.js,MongoDB,Server Handling,web-frameworks,optimize queries"
Jr.SAP FIORI &oDATA Consultant on Abap,Positivenaick,"Ahmedabad, Gujarat",440000,Collaborate and work with frontend and mobile app developers on the backend needs of projects.Perform UI/backend tests to optimize performance.,"PostgreSQL,MySQL,GraphQL,Node.js,MongoDB,Server Handling,web-frameworks,optimize queries"
Backend Engineer (Python),Prime Plus Consultancy&solution,"Chennai, Tamil Nadu",410000,"As a backend developer, you’ll be expected to handle the following tasks on a day-to-day basis,.You love solving insane problems intelligently with AI, and…","PostgreSQL,MySQL,GraphQL,Node.js,MongoDB,Server Handling,web-frameworks,optimize queries"
Jr.SAP FIORI &oDATA Consultant on Abap,Blue Tokai Coffee Roasters,"Indore, Madhya Pradesh",570000,"Hitachi Vantara, a wholly-owned subsidiary of Hitachi, Ltd., guides our customers from what’s now to what’s next by solving their digital challenges.","PostgreSQL,MySQL,GraphQL,Node.js,MongoDB,Server Handling,web-frameworks,optimize queries"
Full Stack Developer,Prime Plus Consultancy&solution,"Pune, Maharashtra",440000,The employee would get an opportunity to work on core frontend/backend development.Required urgent Frontend/Backend Developer for an edtech startup.,"PostgreSQL,MySQL,GraphQL,Node.js,MongoDB,Server Handling,web-frameworks,optimize queries"
SE ‐ Java Developer,DAXTA TECH,"Bengaluru, Karnataka",530000,"We are looking for a Python/Django Developer, who is motivated to utilize skills in developing a long-lasting product with value addition to the current…","PostgreSQL,MySQL,GraphQL,Node.js,MongoDB,Server Handling,web-frameworks,optimize queries"
Backend Developer,ARL IT Services,"HITEC City, Hyderabad, Telangana",590000,Good understanding and experience in FIORI Development using WEB IDE and Eclipse tools along with backend integration.Wanted SAP Aabp Odata & fiori Developer.,"PostgreSQL,MySQL,GraphQL,Node.js,MongoDB,Server Handling,web-frameworks,optimize queries"
Java backend and Database developer,Kuwy Technology,"Kolkata, West Bengal",590000,Ability to work closely with front end developers.Taking ready HTML/CSS files from front end developers and executing the project based on the logic and…,"PostgreSQL,MySQL,GraphQL,Node.js,MongoDB,Server Handling,web-frameworks,optimize queries"
Android App Developer,Grow4sure,nan,440000,Demonstrated accomplishments as a web developer.Here's what you'll do at Wise.You’ll be the Web Developer at Wise.Who does this role report to?,"PostgreSQL,MySQL,GraphQL,Node.js,MongoDB,Server Handling,web-frameworks,optimize queries"
Android Developer,Kuwy Technology,nan,480000,Note : Its a Contract Job for 6 Months + Extendable.Design and build advanced native applications for the iOS and Android platforms.Knowledge of UX and UI.,"PostgreSQL,MySQL,GraphQL,Node.js,MongoDB,Server Handling,web-frameworks,optimize queries"
Backend Developer,EveryCrave Webteck Pvt Ltd,"Bengaluru, Karnataka",490000,Collaborate with backend team for API planning and execution.Design and Develop native iOS applications using Swift.Publish apps on App Store.,"PostgreSQL,MySQL,GraphQL,Node.js,MongoDB,Server Handling,web-frameworks,optimize queries"
"Net Developer,",Vikn Codes,"Ahmedabad, Gujarat",570000,Ability to work closely with front end developers.Taking ready HTML/CSS files from front end developers and executing the project based on the logic and…,"PostgreSQL,MySQL,GraphQL,Node.js,MongoDB,Server Handling,web-frameworks,optimize queries"
Hiring for Backend Developer Nodejs / AWS/SQL,Quick Infotech,"Bengaluru, Karnataka",460000,Collaborate and work with frontend and mobile app developers on the backend needs of projects.Perform UI/backend tests to optimize performance.,"PostgreSQL,MySQL,GraphQL,Node.js,MongoDB,Server Handling,web-frameworks,optimize queries"
 JavaScript / React Native / Redux Developer,Prime Plus Consultancy&solution,"Andheri, Mumbai, Maharashtra",420000,Should be able to Integrate user-facing elements developed by front-end developers with server side logic.We are a fast growing Managed Service Provider with…,"PostgreSQL,MySQL,GraphQL,Node.js,MongoDB,Server Handling,web-frameworks,optimize queries"
Full Stack Developer,CyBuzzSC Infotech Pvt. Ltd.,"Unnikulam, Kerala",480000,"Create high performance, secure, responsive, clean and simple front-end builts in collaboration and discussion with backend developers, designers and product…","PostgreSQL,MySQL,GraphQL,Node.js,MongoDB,Server Handling,web-frameworks,optimize queries"
PHP Developer,Vikn Codes,"Kolkata, West Bengal",470000,"You should be a self managed developer and be able to handle tasks independently.As a Backend Engineer, you will be responsible for implementing new features,…","PostgreSQL,MySQL,GraphQL,Node.js,MongoDB,Server Handling,web-frameworks,optimize queries"
Android Developer,QuEST Global Engineering,nan,580000,Your primary focus will be the development of Android applications and their backend integration.You will need to work along-side other developers and…,"PostgreSQL,MySQL,GraphQL,Node.js,MongoDB,Server Handling,web-frameworks,optimize queries"
Android Developer,Prime Plus Consultancy&solution,nan,480000,Should be able to Integrate user-facing elements developed by front-end developers with server side logic.We are a fast growing Managed Service Provider with…,"PostgreSQL,MySQL,GraphQL,Node.js,MongoDB,Server Handling,web-frameworks,optimize queries"
Android Developer,Qualtech Telesys Private Limited,"Hyderabad, Telangana",500000,"The backend development team , you will be responsible.Enhance Analytics and overall backend architecture for better performance.Experience in PHP is a plus.","PostgreSQL,MySQL,GraphQL,Node.js,MongoDB,Server Handling,web-frameworks,optimize queries"
