Job Name,Company Name,Location,Salary,Description,Skills
Flutter Developer,Tummo Labs,Remote,15000 - 20000,Job Description - Mobile App Developer*.We are looking for a Mobile App Developer with experience with Android and Flutter to design and develop Cross-Platformâ€¦,"Good knowledge of Git,Understanding of Computer Science,software development life cycle,Strong knowledge of different architecture approaches,Experience with GoF patterns,Knowledge of SQL,Fix bugs,Write clean code,Investigate technologies,Follow new trends,Strong knowledge of networking,Experience in programming languages for mobile development — Kotlin or Swift,Knowledge of Dart programming language,Understanding of Flutter framework,Experience in Android ,Experience in IOS"
Flutter Developer,ixiono pte ltd,"New Delhi, Delhi",NA,We are looking for a Flutter developer who is proficient with dart programming language.Your primary focus will be on developing user interface components andâ€¦,"Good knowledge of Git,Understanding of Computer Science,software development life cycle,Strong knowledge of different architecture approaches,Experience with GoF patterns,Knowledge of SQL,Fix bugs,Write clean code,Investigate technologies,Follow new trends,Strong knowledge of networking,Experience in programming languages for mobile development — Kotlin or Swift,Knowledge of Dart programming language,Understanding of Flutter framework,Experience in Android ,Experience in IOS"
Flutter Developer Job In Ahmedabad,Addis Infotech,"Ahmedabad, Gujarat",40000,"We are looking for a Flutter developer to work on our product Sociocs.Experience of handling location services, notifications, 3rd party integrations inâ€¦","Good knowledge of Git,Understanding of Computer Science,software development life cycle,Strong knowledge of different architecture approaches,Experience with GoF patterns,Knowledge of SQL,Fix bugs,Write clean code,Investigate technologies,Follow new trends,Strong knowledge of networking,Experience in programming languages for mobile development — Kotlin or Swift,Knowledge of Dart programming language,Understanding of Flutter framework,Experience in Android ,Experience in IOS"
Mobile Application Developer (Flutter),Conexus,"Navi Mumbai, Maharashtra",20000 - 30000,"Conexus is a fast growing ITES company based in Nerul, Navi Mumbai.We are currently seeking a Mobile App Developer to be a part of our amazing team.","Good knowledge of Git,Understanding of Computer Science,software development life cycle,Strong knowledge of different architecture approaches,Experience with GoF patterns,Knowledge of SQL,Fix bugs,Write clean code,Investigate technologies,Follow new trends,Strong knowledge of networking,Experience in programming languages for mobile development — Kotlin or Swift,Knowledge of Dart programming language,Understanding of Flutter framework,Experience in Android ,Experience in IOS"
"Laravel Developer, Flutter Developer Required",Media City,"Jaipur, Rajasthan",10000 - 35000,"Flutter, Dart, Android app developer.Salary: â‚¹10,000.00 - â‚¹35,000.00 per month.Software development: 1 year (Preferred).","Good knowledge of Git,Understanding of Computer Science,software development life cycle,Strong knowledge of different architecture approaches,Experience with GoF patterns,Knowledge of SQL,Fix bugs,Write clean code,Investigate technologies,Follow new trends,Strong knowledge of networking,Experience in programming languages for mobile development — Kotlin or Swift,Knowledge of Dart programming language,Understanding of Flutter framework,Experience in Android ,Experience in IOS"
Flutter Developer,Applied Synergy Technologies Pvt. Ltd.,"Banjara Hills, Hyderabad, Telangana",500000 - 600000,3 years working as a full-time professional developer (Mobile) and 1-2 Year in a flutter(Must).Should be able to handle a team of 3 developers.,"Good knowledge of Git,Understanding of Computer Science,software development life cycle,Strong knowledge of different architecture approaches,Experience with GoF patterns,Knowledge of SQL,Fix bugs,Write clean code,Investigate technologies,Follow new trends,Strong knowledge of networking,Experience in programming languages for mobile development — Kotlin or Swift,Knowledge of Dart programming language,Understanding of Flutter framework,Experience in Android ,Experience in IOS"
Full Stack Developer,Greytrix,"Navi Mumbai, Maharashtra",NA,"Technology Experience: JavaScript (React/Flutter), Node.Js GraphQL, Testing , Debugging, and automation techniques.NOTE : Freshers please do not apply.","Good knowledge of Git,Understanding of Computer Science,software development life cycle,Strong knowledge of different architecture approaches,Experience with GoF patterns,Knowledge of SQL,Fix bugs,Write clean code,Investigate technologies,Follow new trends,Strong knowledge of networking,Experience in programming languages for mobile development — Kotlin or Swift,Knowledge of Dart programming language,Understanding of Flutter framework,Experience in Android ,Experience in IOS"
Hiring for Flutter Developer,ARSTEG Solutions Private Limited,"Gurgaon, Haryana",300000 - 500000,"At least 2 years of experience as a full-time flutter developer.As a Flutter Developer, you will create multi-platform apps for iOS and Android using Google'sâ€¦","Good knowledge of Git,Understanding of Computer Science,software development life cycle,Strong knowledge of different architecture approaches,Experience with GoF patterns,Knowledge of SQL,Fix bugs,Write clean code,Investigate technologies,Follow new trends,Strong knowledge of networking,Experience in programming languages for mobile development — Kotlin or Swift,Knowledge of Dart programming language,Understanding of Flutter framework,Experience in Android ,Experience in IOS"
Junior Software Developer,Netsonic Solutions India Pvt Ltd,"Kochi, Kerala",240000,\* Mobile front end software application development using Flutter and Angular.\* Experience of 1-2 years with any front-end technologies for IOS / Android.,"Good knowledge of Git,Understanding of Computer Science,software development life cycle,Strong knowledge of different architecture approaches,Experience with GoF patterns,Knowledge of SQL,Fix bugs,Write clean code,Investigate technologies,Follow new trends,Strong knowledge of networking,Experience in programming languages for mobile development — Kotlin or Swift,Knowledge of Dart programming language,Understanding of Flutter framework,Experience in Android ,Experience in IOS"
Mobile Developer,CoinDCX,"Mumbai, Maharashtra",NA,Ability to think about scalability and reusability while developing flutter widgets.Cryptocurrency Traders are looking for a strong global platform that canâ€¦,"Good knowledge of Git,Understanding of Computer Science,software development life cycle,Strong knowledge of different architecture approaches,Experience with GoF patterns,Knowledge of SQL,Fix bugs,Write clean code,Investigate technologies,Follow new trends,Strong knowledge of networking,Experience in programming languages for mobile development — Kotlin or Swift,Knowledge of Dart programming language,Understanding of Flutter framework,Experience in Android ,Experience in IOS"
Flutter Developer,Enflexis Solutions Private Limited,"Pune, Maharashtra",NA,"Experience building and deploying a moderately complex Flutter app.Translating UI/UX designs into code.Knowledge of location services, maps, and other commonâ€¦","Good knowledge of Git,Understanding of Computer Science,software development life cycle,Strong knowledge of different architecture approaches,Experience with GoF patterns,Knowledge of SQL,Fix bugs,Write clean code,Investigate technologies,Follow new trends,Strong knowledge of networking,Experience in programming languages for mobile development — Kotlin or Swift,Knowledge of Dart programming language,Understanding of Flutter framework,Experience in Android ,Experience in IOS"
Flutter Developer,Job Mirror Consultancy,"Gurgaon, Haryana",NA,ï‚· Good understanding of state management in flutter apps.ï‚· Deep understanding of Flutter UI and different flutter widgets.Should be aware of trade.,"Good knowledge of Git,Understanding of Computer Science,software development life cycle,Strong knowledge of different architecture approaches,Experience with GoF patterns,Knowledge of SQL,Fix bugs,Write clean code,Investigate technologies,Follow new trends,Strong knowledge of networking,Experience in programming languages for mobile development — Kotlin or Swift,Knowledge of Dart programming language,Understanding of Flutter framework,Experience in Android ,Experience in IOS"
Flutter Developer,Augusta Hitech Soft Solutions,"Coimbatore, Tamil Nadu",NA,"As a Flutter Developer, you are required to develop multi-platform application screens using Flutter and by maintaining code quality using industry standardâ€¦","Good knowledge of Git,Understanding of Computer Science,software development life cycle,Strong knowledge of different architecture approaches,Experience with GoF patterns,Knowledge of SQL,Fix bugs,Write clean code,Investigate technologies,Follow new trends,Strong knowledge of networking,Experience in programming languages for mobile development — Kotlin or Swift,Knowledge of Dart programming language,Understanding of Flutter framework,Experience in Android ,Experience in IOS"
Flutter Mobile App Developer,CnX Player,"Mohali, Punjab",NA,As a Flutter developer you will be involved in the following activities:We are looking for an enthusiastic self-driven& highly motivated developer with strongâ€¦,"Good knowledge of Git,Understanding of Computer Science,software development life cycle,Strong knowledge of different architecture approaches,Experience with GoF patterns,Knowledge of SQL,Fix bugs,Write clean code,Investigate technologies,Follow new trends,Strong knowledge of networking,Experience in programming languages for mobile development — Kotlin or Swift,Knowledge of Dart programming language,Understanding of Flutter framework,Experience in Android ,Experience in IOS"
Mobile developers - Flutter,UB Technology Innovations,"Chennai, Tamil Nadu",NA,Problem solver with excellent analytical skills.Passionate programmers with expertise in developing applications for the iOS/Android platform.,"Good knowledge of Git,Understanding of Computer Science,software development life cycle,Strong knowledge of different architecture approaches,Experience with GoF patterns,Knowledge of SQL,Fix bugs,Write clean code,Investigate technologies,Follow new trends,Strong knowledge of networking,Experience in programming languages for mobile development — Kotlin or Swift,Knowledge of Dart programming language,Understanding of Flutter framework,Experience in Android ,Experience in IOS"
Part time or Freelance Android App Developer,Hutech Solutions Pvt. Ltd,"Bengaluru, Karnataka",NA,Expected Full stack developer having Solid knowledge on Firebase integration.*.Note: This Position is a Part time or freelance developers.,"Good knowledge of Git,Understanding of Computer Science,software development life cycle,Strong knowledge of different architecture approaches,Experience with GoF patterns,Knowledge of SQL,Fix bugs,Write clean code,Investigate technologies,Follow new trends,Strong knowledge of networking,Experience in programming languages for mobile development — Kotlin or Swift,Knowledge of Dart programming language,Understanding of Flutter framework,Experience in Android ,Experience in IOS"
Junior JS/React Developer,Mocioun TechLabs,"Calicut, Kerala",NA,We are looking for a Junior React.js Developer.Your primary focus will be on developing user interface components and implementing them.,"Good knowledge of Git,Understanding of Computer Science,software development life cycle,Strong knowledge of different architecture approaches,Experience with GoF patterns,Knowledge of SQL,Fix bugs,Write clean code,Investigate technologies,Follow new trends,Strong knowledge of networking,Experience in programming languages for mobile development — Kotlin or Swift,Knowledge of Dart programming language,Understanding of Flutter framework,Experience in Android ,Experience in IOS"
"iOS/Android/Mobile Developer, Software Developer",Sumedha Management Consultancy,"Faridabad, Haryana",NA,"4.Working directly with developers and product managers to conceptualize, build, test and realize products.7.Working with the front end developers to build theâ€¦","Good knowledge of Git,Understanding of Computer Science,software development life cycle,Strong knowledge of different architecture approaches,Experience with GoF patterns,Knowledge of SQL,Fix bugs,Write clean code,Investigate technologies,Follow new trends,Strong knowledge of networking,Experience in programming languages for mobile development — Kotlin or Swift,Knowledge of Dart programming language,Understanding of Flutter framework,Experience in Android ,Experience in IOS"
Flutter Developer,Windmill Smart Solutions,"Pune, Maharashtra",NA,"Collaborating closely with the teams of UX/UI designers, PMs, QAs, and other developers.Flutter developers are a key part of our team and are responsible forâ€¦","Good knowledge of Git,Understanding of Computer Science,software development life cycle,Strong knowledge of different architecture approaches,Experience with GoF patterns,Knowledge of SQL,Fix bugs,Write clean code,Investigate technologies,Follow new trends,Strong knowledge of networking,Experience in programming languages for mobile development — Kotlin or Swift,Knowledge of Dart programming language,Understanding of Flutter framework,Experience in Android ,Experience in IOS"
Flutter Specialist,Expinator Web Technology,"Mohali, Punjab",15000 - 25000,"Work with cross functional team including designer, information architects, backed developers to create optimum integration solution.","Good knowledge of Git,Understanding of Computer Science,software development life cycle,Strong knowledge of different architecture approaches,Experience with GoF patterns,Knowledge of SQL,Fix bugs,Write clean code,Investigate technologies,Follow new trends,Strong knowledge of networking,Experience in programming languages for mobile development — Kotlin or Swift,Knowledge of Dart programming language,Understanding of Flutter framework,Experience in Android ,Experience in IOS"
Mobile Application Developer (Android),Darshan Soft-Tech,"Vadodara, Gujarat",NA,As a developer you will work closely with other developers and designers to drive the evolution and expansion of our mobile apps into new technology area andâ€¦,"Good knowledge of Git,Understanding of Computer Science,software development life cycle,Strong knowledge of different architecture approaches,Experience with GoF patterns,Knowledge of SQL,Fix bugs,Write clean code,Investigate technologies,Follow new trends,Strong knowledge of networking,Experience in programming languages for mobile development — Kotlin or Swift,Knowledge of Dart programming language,Understanding of Flutter framework,Experience in Android ,Experience in IOS"
Rockstar React Native or Flutter Developers,Gito.me - check us out at https://www.gito.me,"Bengaluru, Karnataka",NA,Must have 2 years experience in React Native or Flutter Development.Design and build mobile applications and new features in an existing application usingâ€¦,"Good knowledge of Git,Understanding of Computer Science,software development life cycle,Strong knowledge of different architecture approaches,Experience with GoF patterns,Knowledge of SQL,Fix bugs,Write clean code,Investigate technologies,Follow new trends,Strong knowledge of networking,Experience in programming languages for mobile development — Kotlin or Swift,Knowledge of Dart programming language,Understanding of Flutter framework,Experience in Android ,Experience in IOS"
Fresher Android/iOS Application Developer,PSK Technology,"Surat, Gujarat",10000 - 20000,"We are IT outsourcing company based in Surat, India.We provide consulting services to develop enterprise web and mobile applications since 2015.","Good knowledge of Git,Understanding of Computer Science,software development life cycle,Strong knowledge of different architecture approaches,Experience with GoF patterns,Knowledge of SQL,Fix bugs,Write clean code,Investigate technologies,Follow new trends,Strong knowledge of networking,Experience in programming languages for mobile development — Kotlin or Swift,Knowledge of Dart programming language,Understanding of Flutter framework,Experience in Android ,Experience in IOS"
Mobile App Development Internship,Cyagency,"Chandigarh, Chandigarh",4001,An experienced flutter developer who already has developed a mobile application through Flutter.Cyagency Private Limited offer digital firms with advancedâ€¦,"Good knowledge of Git,Understanding of Computer Science,software development life cycle,Strong knowledge of different architecture approaches,Experience with GoF patterns,Knowledge of SQL,Fix bugs,Write clean code,Investigate technologies,Follow new trends,Strong knowledge of networking,Experience in programming languages for mobile development — Kotlin or Swift,Knowledge of Dart programming language,Understanding of Flutter framework,Experience in Android ,Experience in IOS"
Hybrid Mobile Developer for a Product Based Company,Shaw Academy,NA,1500000,"Cross-platform mobile app developers who have developed mobile apps with a familiarity of Ionic/Flutter.Mobile app design and optimization, able to provide aâ€¦","Good knowledge of Git,Understanding of Computer Science,software development life cycle,Strong knowledge of different architecture approaches,Experience with GoF patterns,Knowledge of SQL,Fix bugs,Write clean code,Investigate technologies,Follow new trends,Strong knowledge of networking,Experience in programming languages for mobile development — Kotlin or Swift,Knowledge of Dart programming language,Understanding of Flutter framework,Experience in Android ,Experience in IOS"
Android Developer,Archive Infotech Pvy Ltd,"Jaipur, Rajasthan",15000 - 30000,"Skills: flutter kotlinandoid development react native ( optional) Skills: - Android Development, Kotlin, Flutter and Android Testingskills-Qualifications-ME/M.","Good knowledge of Git,Understanding of Computer Science,software development life cycle,Strong knowledge of different architecture approaches,Experience with GoF patterns,Knowledge of SQL,Fix bugs,Write clean code,Investigate technologies,Follow new trends,Strong knowledge of networking,Experience in programming languages for mobile development — Kotlin or Swift,Knowledge of Dart programming language,Understanding of Flutter framework,Experience in Android ,Experience in IOS"
Android Developer - Noida,Imperial HR Solution,"Noida, Uttar Pradesh",350000 - 600000,# Must Have Android Developer /Printer API /Flutter Experience will add an advantage for us.# Salary -Lucrative hike on current.OCR API/OCR SDK.,"Good knowledge of Git,Understanding of Computer Science,software development life cycle,Strong knowledge of different architecture approaches,Experience with GoF patterns,Knowledge of SQL,Fix bugs,Write clean code,Investigate technologies,Follow new trends,Strong knowledge of networking,Experience in programming languages for mobile development — Kotlin or Swift,Knowledge of Dart programming language,Understanding of Flutter framework,Experience in Android ,Experience in IOS"
Project Manager,Innovantes IT Solutions LLP,"Chandigarh, Chandigarh",NA,"Should have prior experience in handling a team and should have worked as a software developer for at least 4 years.NET, .NET Core, PHP is mandatory.","Good knowledge of Git,Understanding of Computer Science,software development life cycle,Strong knowledge of different architecture approaches,Experience with GoF patterns,Knowledge of SQL,Fix bugs,Write clean code,Investigate technologies,Follow new trends,Strong knowledge of networking,Experience in programming languages for mobile development — Kotlin or Swift,Knowledge of Dart programming language,Understanding of Flutter framework,Experience in Android ,Experience in IOS"
Hiring for Hybrid Mobile App Developer,Hireman Consulting,"Delhi, Delhi",200000 - 600000,Mobile app developer with minimum 3 years of experience in mobile apps development activities using Hybrid and/or native mobile platforms.,"Good knowledge of Git,Understanding of Computer Science,software development life cycle,Strong knowledge of different architecture approaches,Experience with GoF patterns,Knowledge of SQL,Fix bugs,Write clean code,Investigate technologies,Follow new trends,Strong knowledge of networking,Experience in programming languages for mobile development — Kotlin or Swift,Knowledge of Dart programming language,Understanding of Flutter framework,Experience in Android ,Experience in IOS"
Sr. Android developer,Banksathi,"Jaipur, Rajasthan",50000,"Translate designs and wireframes into high quality code..Design, build, maintain high performance, reusable and reliable Java code..","Good knowledge of Git,Understanding of Computer Science,software development life cycle,Strong knowledge of different architecture approaches,Experience with GoF patterns,Knowledge of SQL,Fix bugs,Write clean code,Investigate technologies,Follow new trends,Strong knowledge of networking,Experience in programming languages for mobile development — Kotlin or Swift,Knowledge of Dart programming language,Understanding of Flutter framework,Experience in Android ,Experience in IOS"
Immediate Hiring- Senior Developer Web & Mobile,IPIX TECH SERVICES PVT LTD,"Calicut, Kerala",NA,"JS, Jquery, AJAZ-Responsive front end frameworks(Eg.Bootstrap), Git, Django(Python, Ionic, react, native, flutter) knowledge.Total work: 3 years (Preferred).","Good knowledge of Git,Understanding of Computer Science,software development life cycle,Strong knowledge of different architecture approaches,Experience with GoF patterns,Knowledge of SQL,Fix bugs,Write clean code,Investigate technologies,Follow new trends,Strong knowledge of networking,Experience in programming languages for mobile development — Kotlin or Swift,Knowledge of Dart programming language,Understanding of Flutter framework,Experience in Android ,Experience in IOS"
Software Engineer,skilora,"Thiruvananthapuram, Kerala",NA,We are looking professional developer (Mobile) with experience in building Android app with minimum 6 months in a flutter.,"Good knowledge of Git,Understanding of Computer Science,software development life cycle,Strong knowledge of different architecture approaches,Experience with GoF patterns,Knowledge of SQL,Fix bugs,Write clean code,Investigate technologies,Follow new trends,Strong knowledge of networking,Experience in programming languages for mobile development — Kotlin or Swift,Knowledge of Dart programming language,Understanding of Flutter framework,Experience in Android ,Experience in IOS"
Technical Lead (DevOps - AWS),Zenoti,"Hyderabad, Telangana",NA,"Collaborate with a team of product managers, developers, and quality assurance engineers to release features.Our products are built on Windows .","Good knowledge of Git,Understanding of Computer Science,software development life cycle,Strong knowledge of different architecture approaches,Experience with GoF patterns,Knowledge of SQL,Fix bugs,Write clean code,Investigate technologies,Follow new trends,Strong knowledge of networking,Experience in programming languages for mobile development — Kotlin or Swift,Knowledge of Dart programming language,Understanding of Flutter framework,Experience in Android ,Experience in IOS"
Technical Lead (DevOps - AWS),Zenoti,"Hyderabad, Telangana",NA,"Collaborate with a team of product managers, developers, and quality assurance engineers to release features.Our products are built on Windows .","Good knowledge of Git,Understanding of Computer Science,software development life cycle,Strong knowledge of different architecture approaches,Experience with GoF patterns,Knowledge of SQL,Fix bugs,Write clean code,Investigate technologies,Follow new trends,Strong knowledge of networking,Experience in programming languages for mobile development — Kotlin or Swift,Knowledge of Dart programming language,Understanding of Flutter framework,Experience in Android ,Experience in IOS"
Technical Lead (DevOps - AWS),Zenoti,"Hyderabad, Telangana",NA,"Collaborate with a team of product managers, developers, and quality assurance engineers to release features.Our products are built on Windows .","Good knowledge of Git,Understanding of Computer Science,software development life cycle,Strong knowledge of different architecture approaches,Experience with GoF patterns,Knowledge of SQL,Fix bugs,Write clean code,Investigate technologies,Follow new trends,Strong knowledge of networking,Experience in programming languages for mobile development — Kotlin or Swift,Knowledge of Dart programming language,Understanding of Flutter framework,Experience in Android ,Experience in IOS"
Technical Lead (DevOps - AWS),Zenoti,"Hyderabad, Telangana",NA,"Collaborate with a team of product managers, developers, and quality assurance engineers to release features.Our products are built on Windows .","Good knowledge of Git,Understanding of Computer Science,software development life cycle,Strong knowledge of different architecture approaches,Experience with GoF patterns,Knowledge of SQL,Fix bugs,Write clean code,Investigate technologies,Follow new trends,Strong knowledge of networking,Experience in programming languages for mobile development — Kotlin or Swift,Knowledge of Dart programming language,Understanding of Flutter framework,Experience in Android ,Experience in IOS"
Technical Lead (DevOps - AWS),Zenoti,"Hyderabad, Telangana",NA,"Collaborate with a team of product managers, developers, and quality assurance engineers to release features.Our products are built on Windows .","Good knowledge of Git,Understanding of Computer Science,software development life cycle,Strong knowledge of different architecture approaches,Experience with GoF patterns,Knowledge of SQL,Fix bugs,Write clean code,Investigate technologies,Follow new trends,Strong knowledge of networking,Experience in programming languages for mobile development — Kotlin or Swift,Knowledge of Dart programming language,Understanding of Flutter framework,Experience in Android ,Experience in IOS"
Technical Lead (DevOps - AWS),Zenoti,"Hyderabad, Telangana",NA,"Collaborate with a team of product managers, developers, and quality assurance engineers to release features.Our products are built on Windows .","Good knowledge of Git,Understanding of Computer Science,software development life cycle,Strong knowledge of different architecture approaches,Experience with GoF patterns,Knowledge of SQL,Fix bugs,Write clean code,Investigate technologies,Follow new trends,Strong knowledge of networking,Experience in programming languages for mobile development — Kotlin or Swift,Knowledge of Dart programming language,Understanding of Flutter framework,Experience in Android ,Experience in IOS"
Technical Lead (DevOps - AWS),Zenoti,"Hyderabad, Telangana",NA,"Collaborate with a team of product managers, developers, and quality assurance engineers to release features.Our products are built on Windows .","Good knowledge of Git,Understanding of Computer Science,software development life cycle,Strong knowledge of different architecture approaches,Experience with GoF patterns,Knowledge of SQL,Fix bugs,Write clean code,Investigate technologies,Follow new trends,Strong knowledge of networking,Experience in programming languages for mobile development — Kotlin or Swift,Knowledge of Dart programming language,Understanding of Flutter framework,Experience in Android ,Experience in IOS"
Hybrid Mobile Developer for a Product Based Company,Shaw Academy,NA,1500000,"Cross-platform mobile app developers who have developed mobile apps with a familiarity of Ionic/Flutter.Mobile app design and optimization, able to provide aâ€¦","Good knowledge of Git,Understanding of Computer Science,software development life cycle,Strong knowledge of different architecture approaches,Experience with GoF patterns,Knowledge of SQL,Fix bugs,Write clean code,Investigate technologies,Follow new trends,Strong knowledge of networking,Experience in programming languages for mobile development — Kotlin or Swift,Knowledge of Dart programming language,Understanding of Flutter framework,Experience in Android ,Experience in IOS"
Technical Lead (DevOps - AWS),Zenoti,"Hyderabad, Telangana",NA,"Collaborate with a team of product managers, developers, and quality assurance engineers to release features.Our products are built on Windows .","Good knowledge of Git,Understanding of Computer Science,software development life cycle,Strong knowledge of different architecture approaches,Experience with GoF patterns,Knowledge of SQL,Fix bugs,Write clean code,Investigate technologies,Follow new trends,Strong knowledge of networking,Experience in programming languages for mobile development — Kotlin or Swift,Knowledge of Dart programming language,Understanding of Flutter framework,Experience in Android ,Experience in IOS"
Technical Lead (DevOps - AWS),Zenoti,"Hyderabad, Telangana",NA,"Collaborate with a team of product managers, developers, and quality assurance engineers to release features.Our products are built on Windows .","Good knowledge of Git,Understanding of Computer Science,software development life cycle,Strong knowledge of different architecture approaches,Experience with GoF patterns,Knowledge of SQL,Fix bugs,Write clean code,Investigate technologies,Follow new trends,Strong knowledge of networking,Experience in programming languages for mobile development — Kotlin or Swift,Knowledge of Dart programming language,Understanding of Flutter framework,Experience in Android ,Experience in IOS"
Technical Lead (DevOps - AWS),Zenoti,"Hyderabad, Telangana",NA,"Collaborate with a team of product managers, developers, and quality assurance engineers to release features.Our products are built on Windows .","Good knowledge of Git,Understanding of Computer Science,software development life cycle,Strong knowledge of different architecture approaches,Experience with GoF patterns,Knowledge of SQL,Fix bugs,Write clean code,Investigate technologies,Follow new trends,Strong knowledge of networking,Experience in programming languages for mobile development — Kotlin or Swift,Knowledge of Dart programming language,Understanding of Flutter framework,Experience in Android ,Experience in IOS"
Technical Lead (DevOps - AWS),Zenoti,"Hyderabad, Telangana",NA,"Collaborate with a team of product managers, developers, and quality assurance engineers to release features.Our products are built on Windows .","Good knowledge of Git,Understanding of Computer Science,software development life cycle,Strong knowledge of different architecture approaches,Experience with GoF patterns,Knowledge of SQL,Fix bugs,Write clean code,Investigate technologies,Follow new trends,Strong knowledge of networking,Experience in programming languages for mobile development — Kotlin or Swift,Knowledge of Dart programming language,Understanding of Flutter framework,Experience in Android ,Experience in IOS"
Technical Lead (DevOps - AWS),Zenoti,"Hyderabad, Telangana",NA,"Collaborate with a team of product managers, developers, and quality assurance engineers to release features.Our products are built on Windows .","Good knowledge of Git,Understanding of Computer Science,software development life cycle,Strong knowledge of different architecture approaches,Experience with GoF patterns,Knowledge of SQL,Fix bugs,Write clean code,Investigate technologies,Follow new trends,Strong knowledge of networking,Experience in programming languages for mobile development — Kotlin or Swift,Knowledge of Dart programming language,Understanding of Flutter framework,Experience in Android ,Experience in IOS"
Technical Lead (DevOps - AWS),Zenoti,"Hyderabad, Telangana",NA,"Collaborate with a team of product managers, developers, and quality assurance engineers to release features.Our products are built on Windows .","Good knowledge of Git,Understanding of Computer Science,software development life cycle,Strong knowledge of different architecture approaches,Experience with GoF patterns,Knowledge of SQL,Fix bugs,Write clean code,Investigate technologies,Follow new trends,Strong knowledge of networking,Experience in programming languages for mobile development — Kotlin or Swift,Knowledge of Dart programming language,Understanding of Flutter framework,Experience in Android ,Experience in IOS"
Hybrid Mobile Developer for a Product Based Company,Shaw Academy,NA,1500000,"Cross-platform mobile app developers who have developed mobile apps with a familiarity of Ionic/Flutter.Mobile app design and optimization, able to provide aâ€¦","Good knowledge of Git,Understanding of Computer Science,software development life cycle,Strong knowledge of different architecture approaches,Experience with GoF patterns,Knowledge of SQL,Fix bugs,Write clean code,Investigate technologies,Follow new trends,Strong knowledge of networking,Experience in programming languages for mobile development — Kotlin or Swift,Knowledge of Dart programming language,Understanding of Flutter framework,Experience in Android ,Experience in IOS"
Technical Lead (DevOps - AWS),Zenoti,"Hyderabad, Telangana",NA,"Collaborate with a team of product managers, developers, and quality assurance engineers to release features.Our products are built on Windows .","Good knowledge of Git,Understanding of Computer Science,software development life cycle,Strong knowledge of different architecture approaches,Experience with GoF patterns,Knowledge of SQL,Fix bugs,Write clean code,Investigate technologies,Follow new trends,Strong knowledge of networking,Experience in programming languages for mobile development — Kotlin or Swift,Knowledge of Dart programming language,Understanding of Flutter framework,Experience in Android ,Experience in IOS"
Technical Lead (DevOps - AWS),Zenoti,"Hyderabad, Telangana",NA,"Collaborate with a team of product managers, developers, and quality assurance engineers to release features.Our products are built on Windows .","Good knowledge of Git,Understanding of Computer Science,software development life cycle,Strong knowledge of different architecture approaches,Experience with GoF patterns,Knowledge of SQL,Fix bugs,Write clean code,Investigate technologies,Follow new trends,Strong knowledge of networking,Experience in programming languages for mobile development — Kotlin or Swift,Knowledge of Dart programming language,Understanding of Flutter framework,Experience in Android ,Experience in IOS"
Technical Lead (DevOps - AWS),Zenoti,"Hyderabad, Telangana",NA,"Collaborate with a team of product managers, developers, and quality assurance engineers to release features.Our products are built on Windows .","Good knowledge of Git,Understanding of Computer Science,software development life cycle,Strong knowledge of different architecture approaches,Experience with GoF patterns,Knowledge of SQL,Fix bugs,Write clean code,Investigate technologies,Follow new trends,Strong knowledge of networking,Experience in programming languages for mobile development — Kotlin or Swift,Knowledge of Dart programming language,Understanding of Flutter framework,Experience in Android ,Experience in IOS"
Technical Lead (DevOps - AWS),Zenoti,"Hyderabad, Telangana",NA,"Collaborate with a team of product managers, developers, and quality assurance engineers to release features.Our products are built on Windows .","Good knowledge of Git,Understanding of Computer Science,software development life cycle,Strong knowledge of different architecture approaches,Experience with GoF patterns,Knowledge of SQL,Fix bugs,Write clean code,Investigate technologies,Follow new trends,Strong knowledge of networking,Experience in programming languages for mobile development — Kotlin or Swift,Knowledge of Dart programming language,Understanding of Flutter framework,Experience in Android ,Experience in IOS"
Hybrid Mobile Developer for a Product Based Company,Shaw Academy,NA,1500000,"Cross-platform mobile app developers who have developed mobile apps with a familiarity of Ionic/Flutter.Mobile app design and optimization, able to provide aâ€¦","Good knowledge of Git,Understanding of Computer Science,software development life cycle,Strong knowledge of different architecture approaches,Experience with GoF patterns,Knowledge of SQL,Fix bugs,Write clean code,Investigate technologies,Follow new trends,Strong knowledge of networking,Experience in programming languages for mobile development — Kotlin or Swift,Knowledge of Dart programming language,Understanding of Flutter framework,Experience in Android ,Experience in IOS"
Technical Lead (DevOps - AWS),Zenoti,"Hyderabad, Telangana",NA,"Collaborate with a team of product managers, developers, and quality assurance engineers to release features.Our products are built on Windows .","Good knowledge of Git,Understanding of Computer Science,software development life cycle,Strong knowledge of different architecture approaches,Experience with GoF patterns,Knowledge of SQL,Fix bugs,Write clean code,Investigate technologies,Follow new trends,Strong knowledge of networking,Experience in programming languages for mobile development — Kotlin or Swift,Knowledge of Dart programming language,Understanding of Flutter framework,Experience in Android ,Experience in IOS"
Technical Lead (DevOps - AWS),Zenoti,"Hyderabad, Telangana",NA,"Collaborate with a team of product managers, developers, and quality assurance engineers to release features.Our products are built on Windows .","Good knowledge of Git,Understanding of Computer Science,software development life cycle,Strong knowledge of different architecture approaches,Experience with GoF patterns,Knowledge of SQL,Fix bugs,Write clean code,Investigate technologies,Follow new trends,Strong knowledge of networking,Experience in programming languages for mobile development — Kotlin or Swift,Knowledge of Dart programming language,Understanding of Flutter framework,Experience in Android ,Experience in IOS"
Technical Lead (DevOps - AWS),Zenoti,"Hyderabad, Telangana",NA,"Collaborate with a team of product managers, developers, and quality assurance engineers to release features.Our products are built on Windows .","Good knowledge of Git,Understanding of Computer Science,software development life cycle,Strong knowledge of different architecture approaches,Experience with GoF patterns,Knowledge of SQL,Fix bugs,Write clean code,Investigate technologies,Follow new trends,Strong knowledge of networking,Experience in programming languages for mobile development — Kotlin or Swift,Knowledge of Dart programming language,Understanding of Flutter framework,Experience in Android ,Experience in IOS"
Technical Lead (DevOps - AWS),Zenoti,"Hyderabad, Telangana",NA,"Collaborate with a team of product managers, developers, and quality assurance engineers to release features.Our products are built on Windows .","Good knowledge of Git,Understanding of Computer Science,software development life cycle,Strong knowledge of different architecture approaches,Experience with GoF patterns,Knowledge of SQL,Fix bugs,Write clean code,Investigate technologies,Follow new trends,Strong knowledge of networking,Experience in programming languages for mobile development — Kotlin or Swift,Knowledge of Dart programming language,Understanding of Flutter framework,Experience in Android ,Experience in IOS"
Hybrid Mobile Developer for a Product Based Company,Shaw Academy,NA,1500000,"Cross-platform mobile app developers who have developed mobile apps with a familiarity of Ionic/Flutter.Mobile app design and optimization, able to provide aâ€¦","Good knowledge of Git,Understanding of Computer Science,software development life cycle,Strong knowledge of different architecture approaches,Experience with GoF patterns,Knowledge of SQL,Fix bugs,Write clean code,Investigate technologies,Follow new trends,Strong knowledge of networking,Experience in programming languages for mobile development — Kotlin or Swift,Knowledge of Dart programming language,Understanding of Flutter framework,Experience in Android ,Experience in IOS"
Technical Lead (DevOps - AWS),Zenoti,"Hyderabad, Telangana",NA,"Collaborate with a team of product managers, developers, and quality assurance engineers to release features.Our products are built on Windows .","Good knowledge of Git,Understanding of Computer Science,software development life cycle,Strong knowledge of different architecture approaches,Experience with GoF patterns,Knowledge of SQL,Fix bugs,Write clean code,Investigate technologies,Follow new trends,Strong knowledge of networking,Experience in programming languages for mobile development — Kotlin or Swift,Knowledge of Dart programming language,Understanding of Flutter framework,Experience in Android ,Experience in IOS"
Technical Lead (DevOps - AWS),Zenoti,"Hyderabad, Telangana",NA,"Collaborate with a team of product managers, developers, and quality assurance engineers to release features.Our products are built on Windows .","Good knowledge of Git,Understanding of Computer Science,software development life cycle,Strong knowledge of different architecture approaches,Experience with GoF patterns,Knowledge of SQL,Fix bugs,Write clean code,Investigate technologies,Follow new trends,Strong knowledge of networking,Experience in programming languages for mobile development — Kotlin or Swift,Knowledge of Dart programming language,Understanding of Flutter framework,Experience in Android ,Experience in IOS"
Technical Lead (DevOps - AWS),Zenoti,"Hyderabad, Telangana",NA,"Collaborate with a team of product managers, developers, and quality assurance engineers to release features.Our products are built on Windows .","Good knowledge of Git,Understanding of Computer Science,software development life cycle,Strong knowledge of different architecture approaches,Experience with GoF patterns,Knowledge of SQL,Fix bugs,Write clean code,Investigate technologies,Follow new trends,Strong knowledge of networking,Experience in programming languages for mobile development — Kotlin or Swift,Knowledge of Dart programming language,Understanding of Flutter framework,Experience in Android ,Experience in IOS"
Hybrid Mobile Developer for a Product Based Company,Shaw Academy,NA,1500000,"Cross-platform mobile app developers who have developed mobile apps with a familiarity of Ionic/Flutter.Mobile app design and optimization, able to provide aâ€¦","Good knowledge of Git,Understanding of Computer Science,software development life cycle,Strong knowledge of different architecture approaches,Experience with GoF patterns,Knowledge of SQL,Fix bugs,Write clean code,Investigate technologies,Follow new trends,Strong knowledge of networking,Experience in programming languages for mobile development — Kotlin or Swift,Knowledge of Dart programming language,Understanding of Flutter framework,Experience in Android ,Experience in IOS"
Technical Lead (DevOps - AWS),Zenoti,"Hyderabad, Telangana",NA,"Collaborate with a team of product managers, developers, and quality assurance engineers to release features.Our products are built on Windows .","Good knowledge of Git,Understanding of Computer Science,software development life cycle,Strong knowledge of different architecture approaches,Experience with GoF patterns,Knowledge of SQL,Fix bugs,Write clean code,Investigate technologies,Follow new trends,Strong knowledge of networking,Experience in programming languages for mobile development — Kotlin or Swift,Knowledge of Dart programming language,Understanding of Flutter framework,Experience in Android ,Experience in IOS"
Technical Lead (DevOps - AWS),Zenoti,"Hyderabad, Telangana",NA,"Collaborate with a team of product managers, developers, and quality assurance engineers to release features.Our products are built on Windows .","Good knowledge of Git,Understanding of Computer Science,software development life cycle,Strong knowledge of different architecture approaches,Experience with GoF patterns,Knowledge of SQL,Fix bugs,Write clean code,Investigate technologies,Follow new trends,Strong knowledge of networking,Experience in programming languages for mobile development — Kotlin or Swift,Knowledge of Dart programming language,Understanding of Flutter framework,Experience in Android ,Experience in IOS"
Technical Lead (DevOps - AWS),Zenoti,"Hyderabad, Telangana",NA,"Collaborate with a team of product managers, developers, and quality assurance engineers to release features.Our products are built on Windows .","Good knowledge of Git,Understanding of Computer Science,software development life cycle,Strong knowledge of different architecture approaches,Experience with GoF patterns,Knowledge of SQL,Fix bugs,Write clean code,Investigate technologies,Follow new trends,Strong knowledge of networking,Experience in programming languages for mobile development — Kotlin or Swift,Knowledge of Dart programming language,Understanding of Flutter framework,Experience in Android ,Experience in IOS"
Hybrid Mobile Developer for a Product Based Company,Shaw Academy,NA,1500000,*Roles and responsibilities: Cross-platform mobile app developers who have developed mobile apps with a familiarity of Ionic/Flutter * Develop and Manageâ€¦,"Good knowledge of Git,Understanding of Computer Science,software development life cycle,Strong knowledge of different architecture approaches,Experience with GoF patterns,Knowledge of SQL,Fix bugs,Write clean code,Investigate technologies,Follow new trends,Strong knowledge of networking,Experience in programming languages for mobile development — Kotlin or Swift,Knowledge of Dart programming language,Understanding of Flutter framework,Experience in Android ,Experience in IOS"
Technical Lead (DevOps - AWS),Zenoti,"Hyderabad, Telangana",NA,"Collaborate with a team of product managers, developers, and quality assurance engineers to release features.Our products are built on Windows .","Good knowledge of Git,Understanding of Computer Science,software development life cycle,Strong knowledge of different architecture approaches,Experience with GoF patterns,Knowledge of SQL,Fix bugs,Write clean code,Investigate technologies,Follow new trends,Strong knowledge of networking,Experience in programming languages for mobile development — Kotlin or Swift,Knowledge of Dart programming language,Understanding of Flutter framework,Experience in Android ,Experience in IOS"
Technical Lead (DevOps - AWS),Zenoti,"Hyderabad, Telangana",NA,"Collaborate with a team of product managers, developers, and quality assurance engineers to release features.Our products are built on Windows .","Good knowledge of Git,Understanding of Computer Science,software development life cycle,Strong knowledge of different architecture approaches,Experience with GoF patterns,Knowledge of SQL,Fix bugs,Write clean code,Investigate technologies,Follow new trends,Strong knowledge of networking,Experience in programming languages for mobile development — Kotlin or Swift,Knowledge of Dart programming language,Understanding of Flutter framework,Experience in Android ,Experience in IOS"
Technical Lead (DevOps - AWS),Zenoti,"Hyderabad, Telangana",NA,"Collaborate with a team of product managers, developers, and quality assurance engineers to release features.Our products are built on Windows .","Good knowledge of Git,Understanding of Computer Science,software development life cycle,Strong knowledge of different architecture approaches,Experience with GoF patterns,Knowledge of SQL,Fix bugs,Write clean code,Investigate technologies,Follow new trends,Strong knowledge of networking,Experience in programming languages for mobile development — Kotlin or Swift,Knowledge of Dart programming language,Understanding of Flutter framework,Experience in Android ,Experience in IOS"
Technical Lead (DevOps - AWS),Zenoti,"Hyderabad, Telangana",NA,"Collaborate with a team of product managers, developers, and quality assurance engineers to release features.Our products are built on Windows .","Good knowledge of Git,Understanding of Computer Science,software development life cycle,Strong knowledge of different architecture approaches,Experience with GoF patterns,Knowledge of SQL,Fix bugs,Write clean code,Investigate technologies,Follow new trends,Strong knowledge of networking,Experience in programming languages for mobile development — Kotlin or Swift,Knowledge of Dart programming language,Understanding of Flutter framework,Experience in Android ,Experience in IOS"
Technical Lead (DevOps - AWS),Zenoti,"Hyderabad, Telangana",NA,"Collaborate with a team of product managers, developers, and quality assurance engineers to release features.Our products are built on Windows .","Good knowledge of Git,Understanding of Computer Science,software development life cycle,Strong knowledge of different architecture approaches,Experience with GoF patterns,Knowledge of SQL,Fix bugs,Write clean code,Investigate technologies,Follow new trends,Strong knowledge of networking,Experience in programming languages for mobile development — Kotlin or Swift,Knowledge of Dart programming language,Understanding of Flutter framework,Experience in Android ,Experience in IOS"
Technical Lead (DevOps - AWS),Zenoti,"Hyderabad, Telangana",NA,"Collaborate with a team of product managers, developers, and quality assurance engineers to release features.Our products are built on Windows .","Good knowledge of Git,Understanding of Computer Science,software development life cycle,Strong knowledge of different architecture approaches,Experience with GoF patterns,Knowledge of SQL,Fix bugs,Write clean code,Investigate technologies,Follow new trends,Strong knowledge of networking,Experience in programming languages for mobile development — Kotlin or Swift,Knowledge of Dart programming language,Understanding of Flutter framework,Experience in Android ,Experience in IOS"
Technical Lead (DevOps - AWS),Zenoti,"Hyderabad, Telangana",NA,"Collaborate with a team of product managers, developers, and quality assurance engineers to release features.Our products are built on Windows .","Good knowledge of Git,Understanding of Computer Science,software development life cycle,Strong knowledge of different architecture approaches,Experience with GoF patterns,Knowledge of SQL,Fix bugs,Write clean code,Investigate technologies,Follow new trends,Strong knowledge of networking,Experience in programming languages for mobile development — Kotlin or Swift,Knowledge of Dart programming language,Understanding of Flutter framework,Experience in Android ,Experience in IOS"
Technical Lead (DevOps - AWS),Zenoti,"Hyderabad, Telangana",NA,"Collaborate with a team of product managers, developers, and quality assurance engineers to release features.Our products are built on Windows .","Good knowledge of Git,Understanding of Computer Science,software development life cycle,Strong knowledge of different architecture approaches,Experience with GoF patterns,Knowledge of SQL,Fix bugs,Write clean code,Investigate technologies,Follow new trends,Strong knowledge of networking,Experience in programming languages for mobile development — Kotlin or Swift,Knowledge of Dart programming language,Understanding of Flutter framework,Experience in Android ,Experience in IOS"
Technical Lead (DevOps - AWS),Zenoti,"Hyderabad, Telangana",NA,"Collaborate with a team of product managers, developers, and quality assurance engineers to release features.Our products are built on Windows .","Good knowledge of Git,Understanding of Computer Science,software development life cycle,Strong knowledge of different architecture approaches,Experience with GoF patterns,Knowledge of SQL,Fix bugs,Write clean code,Investigate technologies,Follow new trends,Strong knowledge of networking,Experience in programming languages for mobile development — Kotlin or Swift,Knowledge of Dart programming language,Understanding of Flutter framework,Experience in Android ,Experience in IOS"
Technical Lead (DevOps - AWS),Zenoti,"Hyderabad, Telangana",NA,"Collaborate with a team of product managers, developers, and quality assurance engineers to release features.Our products are built on Windows .","Good knowledge of Git,Understanding of Computer Science,software development life cycle,Strong knowledge of different architecture approaches,Experience with GoF patterns,Knowledge of SQL,Fix bugs,Write clean code,Investigate technologies,Follow new trends,Strong knowledge of networking,Experience in programming languages for mobile development — Kotlin or Swift,Knowledge of Dart programming language,Understanding of Flutter framework,Experience in Android ,Experience in IOS"
Technical Lead (DevOps - AWS),Zenoti,"Hyderabad, Telangana",NA,"Collaborate with a team of product managers, developers, and quality assurance engineers to release features.Our products are built on Windows .","Good knowledge of Git,Understanding of Computer Science,software development life cycle,Strong knowledge of different architecture approaches,Experience with GoF patterns,Knowledge of SQL,Fix bugs,Write clean code,Investigate technologies,Follow new trends,Strong knowledge of networking,Experience in programming languages for mobile development — Kotlin or Swift,Knowledge of Dart programming language,Understanding of Flutter framework,Experience in Android ,Experience in IOS"
Technical Lead (DevOps - AWS),Zenoti,"Hyderabad, Telangana",NA,"Collaborate with a team of product managers, developers, and quality assurance engineers to release features.Our products are built on Windows .","Good knowledge of Git,Understanding of Computer Science,software development life cycle,Strong knowledge of different architecture approaches,Experience with GoF patterns,Knowledge of SQL,Fix bugs,Write clean code,Investigate technologies,Follow new trends,Strong knowledge of networking,Experience in programming languages for mobile development — Kotlin or Swift,Knowledge of Dart programming language,Understanding of Flutter framework,Experience in Android ,Experience in IOS"
Technical Lead (DevOps - AWS),Zenoti,"Hyderabad, Telangana",NA,"Collaborate with a team of product managers, developers, and quality assurance engineers to release features.Our products are built on Windows .","Good knowledge of Git,Understanding of Computer Science,software development life cycle,Strong knowledge of different architecture approaches,Experience with GoF patterns,Knowledge of SQL,Fix bugs,Write clean code,Investigate technologies,Follow new trends,Strong knowledge of networking,Experience in programming languages for mobile development — Kotlin or Swift,Knowledge of Dart programming language,Understanding of Flutter framework,Experience in Android ,Experience in IOS"
Technical Lead (DevOps - AWS),Zenoti,"Hyderabad, Telangana",NA,"Collaborate with a team of product managers, developers, and quality assurance engineers to release features.Our products are built on Windows .","Good knowledge of Git,Understanding of Computer Science,software development life cycle,Strong knowledge of different architecture approaches,Experience with GoF patterns,Knowledge of SQL,Fix bugs,Write clean code,Investigate technologies,Follow new trends,Strong knowledge of networking,Experience in programming languages for mobile development — Kotlin or Swift,Knowledge of Dart programming language,Understanding of Flutter framework,Experience in Android ,Experience in IOS"
Technical Lead (DevOps - AWS),Zenoti,"Hyderabad, Telangana",NA,"Collaborate with a team of product managers, developers, and quality assurance engineers to release features.Our products are built on Windows .","Good knowledge of Git,Understanding of Computer Science,software development life cycle,Strong knowledge of different architecture approaches,Experience with GoF patterns,Knowledge of SQL,Fix bugs,Write clean code,Investigate technologies,Follow new trends,Strong knowledge of networking,Experience in programming languages for mobile development — Kotlin or Swift,Knowledge of Dart programming language,Understanding of Flutter framework,Experience in Android ,Experience in IOS"
